,Job,Credit amount,Duration,Risk,Sex_female,Sex_male,Housing_free,Housing_own,Housing_rent,Savings_little,Savings_moderate,Savings_quite rich,Savings_rich,Checking_little,Checking_moderate,Checking_rich,Purpose_business,Purpose_car,Purpose_domestic appliances,Purpose_education,Purpose_furniture/equipment,Purpose_radio/TV,Purpose_repairs,Purpose_vacation/others,Age_18-30,Age_31-40,Age_41-50,Age_51-60,Age_61-80
454,0.16651403627066402,0.5434640679689411,0.2755727068594259,1,0,1,0,1,0,1,0,0,0,1,0,0,0,1,0,0,0,0,0,0,0,1,0,0,0
525,0.16651403627066402,1.6605598198940283,0.4435408329451712,0,0,1,0,1,0,1,0,0,0,0,1,0,0,1,0,0,0,0,0,0,1,0,0,0,0
817,0.16651403627066402,-0.6140727496022117,-1.2361404279122818,0,1,0,0,0,1,1,0,0,0,0,0,0,0,0,0,0,0,1,0,0,1,0,0,0,0
794,0.16651403627066402,-0.07911549526653952,0.2755727068594259,1,0,1,0,0,1,0,0,1,0,0,0,0,0,0,0,0,1,0,0,0,0,1,0,0,0
207,0.16651403627066402,-0.6601897542863214,-0.732236049655046,0,0,1,0,1,0,1,0,0,0,0,1,0,0,0,1,0,0,0,0,0,1,0,0,0,0
51,1.663269418478879,0.9507126939486172,0.5275248959880439,0,0,1,0,1,0,1,0,0,0,0,1,0,0,1,0,0,0,0,0,0,1,0,0,0,0
465,0.16651403627066402,-0.12807046946967132,0.2755727068594259,1,0,1,0,1,0,1,0,0,0,1,0,0,0,1,0,0,0,0,0,0,0,0,0,0,1
385,0.16651403627066402,-0.3714263557258193,-0.22833167139781002,0,1,0,0,1,0,1,0,0,0,0,0,0,0,0,0,0,0,1,0,0,1,0,0,0,0
472,-1.3302413459375508,-0.9333443204922017,-0.9841882387836639,1,0,1,0,1,0,1,0,0,0,1,0,0,0,1,0,0,0,0,0,0,1,0,0,0,0
317,-1.3302413459375508,0.37815234348590177,0.2755727068594259,0,1,0,0,1,0,0,0,0,0,0,1,0,0,0,0,0,1,0,0,0,0,0,1,0,0
992,-1.3302413459375508,-0.47855970506890483,-0.22833167139781002,0,0,1,0,0,1,0,0,0,0,1,0,0,0,0,0,0,0,1,0,0,1,0,0,0,0
685,0.16651403627066402,1.1500800526599222,3.2989989764028413,1,0,1,1,0,0,0,0,0,0,0,0,0,0,1,0,0,0,0,0,0,0,1,0,0,0
787,0.16651403627066402,-0.18944156031852497,2.2911902198883696,1,0,1,0,1,0,0,0,0,0,0,0,0,0,1,0,0,0,0,0,0,0,1,0,0,0
918,0.16651403627066402,-0.3285020667506095,0.2755727068594259,1,0,1,0,1,0,0,1,0,0,1,0,0,0,0,0,0,1,0,0,0,0,1,0,0,0
431,1.663269418478879,2.85321651026308,0.2755727068594259,1,0,1,0,1,0,1,0,0,0,0,1,0,0,0,0,0,0,0,0,1,1,0,0,0,0
42,-1.3302413459375508,1.0354970333294036,-0.22833167139781002,1,0,1,0,1,0,1,0,0,0,0,1,0,0,0,0,0,0,0,1,0,0,0,1,0,0
189,0.16651403627066402,-0.014551688708785983,-0.22833167139781002,0,1,0,0,1,0,1,0,0,0,0,1,0,0,0,0,0,1,0,0,0,0,1,0,0,0
389,0.16651403627066402,-0.6513210995393772,-0.9841882387836639,0,1,0,0,1,0,1,0,0,0,0,0,0,1,0,0,0,0,0,0,0,1,0,0,0,0
138,0.16651403627066402,-0.1976007226857136,-0.48028386052642796,1,0,1,0,1,0,0,0,0,0,0,1,0,0,0,0,0,0,1,0,0,0,1,0,0,0
10,0.16651403627066402,-0.7059520127805533,-0.732236049655046,1,1,0,0,0,1,1,0,0,0,0,1,0,0,1,0,0,0,0,0,0,1,0,0,0,0
926,0.16651403627066402,-0.7932195754904839,-0.22833167139781002,0,1,0,0,0,1,1,0,0,0,1,0,0,0,0,0,0,1,0,0,0,1,0,0,0,0
890,1.663269418478879,-0.2990581329907549,0.5275248959880439,1,0,1,0,1,0,1,0,0,0,1,0,0,1,0,0,0,0,0,0,0,0,0,1,0,0
872,0.16651403627066402,-0.6750890942611876,0.2755727068594259,0,0,1,0,1,0,0,1,0,0,1,0,0,1,0,0,0,0,0,0,0,1,0,0,0,0
985,0.16651403627066402,-0.6569970385774215,-0.48028386052642796,0,1,0,0,0,1,1,0,0,0,1,0,0,0,0,0,0,1,0,0,0,1,0,0,0,0
967,1.663269418478879,0.10038607681161044,-0.48028386052642796,0,1,0,0,0,1,1,0,0,0,0,0,0,0,0,0,0,0,1,0,0,0,0,0,1,0
276,0.16651403627066402,-0.31253848820611,-0.22833167139781002,0,1,0,0,1,0,1,0,0,0,0,0,0,0,0,0,0,0,1,0,0,1,0,0,0,0
589,0.16651403627066402,-0.3685883862067972,-0.732236049655046,1,0,1,0,1,0,1,0,0,0,1,0,0,0,0,0,0,1,0,0,0,0,0,0,1,0
114,0.16651403627066402,-0.5693747296776132,-0.732236049655046,1,0,1,0,1,0,0,0,1,0,1,0,0,0,0,0,0,0,1,0,0,0,1,0,0,0
13,-1.3302413459375508,-0.7400076470088189,0.2755727068594259,1,0,1,0,1,0,1,0,0,0,1,0,0,0,1,0,0,0,0,0,0,0,0,0,1,0
920,0.16651403627066402,-0.5207745016643591,-0.22833167139781002,0,1,0,0,1,0,1,0,0,0,0,0,0,0,0,0,0,1,0,0,0,1,0,0,0,0
684,-1.3302413459375508,2.331384864952885,1.2833814633738978,1,0,1,0,1,0,0,1,0,0,0,1,0,1,0,0,0,0,0,0,0,0,1,0,0,0
554,1.663269418478879,-0.7400076470088189,-0.9841882387836639,0,1,0,0,1,0,1,0,0,0,0,1,0,0,0,0,1,0,0,0,0,0,0,0,0,1
492,0.16651403627066402,-0.7265272917934638,-1.2361404279122818,0,1,0,0,1,0,0,1,0,0,0,0,0,0,0,0,0,0,1,0,0,1,0,0,0,0
571,0.16651403627066402,0.9468104858599617,0.7794770851166618,1,0,1,0,1,0,1,0,0,0,0,0,0,0,0,0,0,0,1,0,0,0,1,0,0,0
208,-1.3302413459375508,1.1646246464449106,0.2755727068594259,0,0,1,0,1,0,1,0,0,0,1,0,0,1,0,0,0,0,0,0,0,1,0,0,0,0
919,1.663269418478879,0.021277676468868453,0.2755727068594259,1,0,1,0,0,1,1,0,0,0,1,0,0,0,0,0,0,1,0,0,0,0,1,0,0,0
300,-2.8269967281457657,-0.9269588890744019,-1.2361404279122818,0,1,0,0,1,0,1,0,0,0,0,0,0,0,1,0,0,0,0,0,0,0,0,0,1,0
82,-1.3302413459375508,-0.609106302943923,-0.22833167139781002,0,1,0,0,0,1,0,1,0,0,0,0,0,1,0,0,0,0,0,0,0,1,0,0,0,0
77,0.16651403627066402,0.5271457432345638,-0.8162201126979186,1,0,1,0,1,0,1,0,0,0,0,1,0,0,0,0,0,0,1,0,0,0,0,0,1,0
865,0.16651403627066402,-0.37745704095374133,-0.48028386052642796,0,1,0,0,0,1,0,0,1,0,0,0,0,0,0,0,0,1,0,0,0,1,0,0,0,0
307,-1.3302413459375508,-0.9074478486311248,-0.732236049655046,1,0,1,0,1,0,0,1,0,0,1,0,0,0,0,0,0,0,1,0,0,0,1,0,0,0
972,-2.8269967281457657,-0.7421361241480855,0.2755727068594259,1,1,0,0,0,1,1,0,0,0,1,0,0,0,1,0,0,0,0,0,0,1,0,0,0,0
645,0.16651403627066402,1.665526266552317,1.2833814633738978,1,0,1,0,0,1,0,0,0,0,0,0,0,1,0,0,0,0,0,0,0,1,0,0,0,0
176,0.16651403627066402,-0.2511673973572564,-0.732236049655046,1,0,1,0,1,0,1,0,0,0,1,0,0,0,0,0,0,1,0,0,0,0,0,1,0,0
252,0.16651403627066402,-0.40264402043506275,0.7794770851166618,1,1,0,0,1,0,1,0,0,0,0,1,0,0,1,0,0,0,0,0,0,1,0,0,0,0
83,-1.3302413459375508,-0.5427687654367807,0.2755727068594259,0,1,0,0,1,0,1,0,0,0,1,0,0,0,0,0,0,0,0,0,1,0,0,0,1,0
655,0.16651403627066402,0.24405828371210594,-0.5642679235693007,0,0,1,1,0,0,1,0,0,0,1,0,0,0,1,0,0,0,0,0,0,1,0,0,0,0
740,0.16651403627066402,-0.3405634372064536,0.2755727068594259,1,0,1,0,1,0,0,1,0,0,1,0,0,0,1,0,0,0,0,0,0,0,1,0,0,0
341,-1.3302413459375508,0.1113832086978212,0.023620517730807936,0,1,0,0,0,1,1,0,0,0,1,0,0,0,0,0,0,1,0,0,0,1,0,0,0,0
29,0.16651403627066402,1.259696625332152,3.2989989764028413,1,0,1,0,1,0,1,0,0,0,1,0,0,1,0,0,0,0,0,0,0,0,0,0,0,1
304,0.16651403627066402,2.4271663362198823,2.2911902198883696,1,0,1,1,0,0,0,0,1,0,0,0,0,0,1,0,0,0,0,0,0,0,0,1,0,0
940,1.663269418478879,0.08584148302662199,-0.732236049655046,1,0,1,0,1,0,0,0,0,0,0,0,0,0,1,0,0,0,0,0,0,0,0,1,0,0
607,0.16651403627066402,-0.21782125550874631,1.2833814633738978,1,1,0,1,0,0,0,1,0,0,0,1,0,0,0,0,0,0,1,0,0,0,0,1,0,0
973,0.16651403627066402,1.4232346188658025,3.2989989764028413,1,0,1,0,0,1,1,0,0,0,1,0,0,1,0,0,0,0,0,0,0,0,1,0,0,0
234,-1.3302413459375508,-0.6176202115009893,-1.4041085539980271,1,0,1,0,1,0,1,0,0,0,0,0,0,0,0,0,0,0,1,0,0,0,0,1,0,0
609,0.16651403627066402,-0.7041782818311645,-0.48028386052642796,1,0,1,1,0,0,0,0,0,0,0,0,0,0,1,0,0,0,0,0,0,0,0,1,0,0
308,0.16651403627066402,-0.7265272917934638,-1.0681723018265366,1,1,0,0,1,0,1,0,0,0,0,1,0,0,0,0,0,1,0,0,0,1,0,0,0,0
949,0.16651403627066402,0.11918762487513207,0.2755727068594259,1,0,1,0,1,0,0,1,0,0,0,0,0,0,0,0,0,0,1,0,0,0,1,0,0,0
345,-1.3302413459375508,-0.6477736376405996,-0.48028386052642796,0,1,0,0,1,0,1,0,0,0,0,0,0,0,0,0,0,0,1,0,0,0,0,1,0,0
44,-1.3302413459375508,1.0138575157468597,2.2911902198883696,1,1,0,1,0,0,1,0,0,0,1,0,0,0,1,0,0,0,0,0,0,0,0,0,1,0
105,1.663269418478879,3.0696116860885176,0.2755727068594259,1,0,1,0,1,0,1,0,0,0,0,1,0,0,0,0,0,0,0,0,1,0,1,0,0,0
460,0.16651403627066402,0.1188328786852543,1.2833814633738978,1,0,1,0,1,0,1,0,0,0,1,0,0,0,0,0,0,1,0,0,0,0,1,0,0,0
264,-1.3302413459375508,-0.7286557689327303,-0.9002041757407913,1,0,1,0,1,0,1,0,0,0,0,0,0,0,1,0,0,0,0,0,0,0,1,0,0,0
394,1.663269418478879,-0.3118289958263545,-0.9841882387836639,1,0,1,0,1,0,1,0,0,0,0,0,0,0,0,0,0,1,0,0,0,0,1,0,0,0
953,1.663269418478879,2.7276363590463504,1.2833814633738978,1,1,0,0,1,0,1,0,0,0,0,0,0,0,0,0,0,1,0,0,0,1,0,0,0,0
761,0.16651403627066402,-0.4118674213718847,-0.22833167139781002,1,1,0,0,0,1,1,0,0,0,1,0,0,0,0,0,0,1,0,0,0,1,0,0,0,0
27,0.16651403627066402,-1.0202571370122546,-0.732236049655046,0,1,0,0,0,1,0,0,0,1,0,0,1,0,0,0,0,0,1,0,0,0,0,1,0,0
20,0.16651403627066402,-0.408319959473107,-0.9841882387836639,1,0,1,0,1,0,1,0,0,0,0,0,0,0,1,0,0,0,0,0,0,0,0,1,0,0
367,0.16651403627066402,0.1294752643815873,-0.22833167139781002,0,1,0,0,0,1,1,0,0,0,1,0,0,0,0,0,0,1,0,0,0,1,0,0,0,0
933,0.16651403627066402,-0.9801708175560669,-0.732236049655046,1,0,1,0,1,0,0,0,1,0,0,0,0,0,0,0,0,0,1,0,0,0,0,1,0,0
327,0.16651403627066402,-0.624360389108667,0.2755727068594259,0,1,0,0,1,0,0,0,0,1,0,0,0,0,1,0,0,0,0,0,0,0,1,0,0,0
188,0.16651403627066402,-0.9262493966946465,-0.732236049655046,1,0,1,0,1,0,0,1,0,0,1,0,0,0,0,0,0,0,1,0,0,1,0,0,0,0
56,1.663269418478879,1.129150027457134,-0.732236049655046,1,0,1,0,1,0,0,0,0,0,0,1,0,0,0,0,0,0,1,0,0,0,0,0,1,0
178,1.663269418478879,-0.46898155794220514,-0.732236049655046,1,0,1,0,0,1,1,0,0,0,0,0,0,0,0,0,0,0,1,0,0,0,1,0,0,0
152,0.16651403627066402,0.9092073897329185,1.2833814633738978,0,0,1,0,1,0,1,0,0,0,0,0,1,0,0,0,0,0,1,0,0,1,0,0,0,0
654,0.16651403627066402,-0.3331137672190205,0.2755727068594259,1,0,1,0,1,0,1,0,0,0,0,0,0,0,1,0,0,0,0,0,0,0,1,0,0,0
246,0.16651403627066402,-0.9109953105299025,-0.732236049655046,1,0,1,0,1,0,1,0,0,0,0,0,0,0,0,0,0,0,1,0,0,0,0,0,1,0
298,0.16651403627066402,-0.27316166112967794,-0.22833167139781002,1,0,1,0,1,0,1,0,0,0,0,0,0,0,0,0,0,1,0,0,0,0,0,1,0,0
513,0.16651403627066402,-0.9578218075937677,-0.732236049655046,0,0,1,0,0,1,1,0,0,0,0,1,0,0,0,0,0,0,1,0,0,1,0,0,0,0
115,0.16651403627066402,0.1039335387103881,2.2911902198883696,1,0,1,0,1,0,0,0,0,0,0,0,0,0,0,0,0,0,1,0,0,0,0,1,0,0
387,1.663269418478879,1.4505500754863905,-0.22833167139781002,1,0,1,0,1,0,1,0,0,0,0,1,0,0,0,0,0,1,0,0,0,0,1,0,0,0
661,0.16651403627066402,-0.8460767577822712,-0.732236049655046,1,0,1,0,1,0,0,0,0,0,1,0,0,0,1,0,0,0,0,0,0,1,0,0,0,0
781,0.16651403627066402,-0.47714072030939375,0.2755727068594259,1,0,1,0,1,0,0,0,0,1,0,0,0,0,1,0,0,0,0,0,0,0,0,0,1,0
324,0.16651403627066402,-0.800669245477917,-0.22833167139781002,0,1,0,0,1,0,1,0,0,0,0,0,0,0,1,0,0,0,0,0,0,0,1,0,0,0
279,1.663269418478879,-0.49097582171462667,0.2755727068594259,0,0,1,0,0,1,0,1,0,0,0,0,0,0,0,0,0,0,1,0,0,1,0,0,0,0
244,-1.3302413459375508,0.05746178783640066,-0.732236049655046,0,1,0,0,1,0,0,0,1,0,0,0,0,0,0,0,1,0,0,0,0,0,1,0,0,0
285,-1.3302413459375508,2.6382403191971533,2.207206156845497,0,1,0,0,1,0,1,0,0,0,1,0,0,0,1,0,0,0,0,0,0,0,1,0,0,0
909,-1.3302413459375508,-0.03193425201279655,-0.9841882387836639,0,1,0,0,1,0,0,0,0,0,0,1,0,0,1,0,0,0,0,0,0,0,1,0,0,0
467,0.16651403627066402,1.4023045936630143,2.2911902198883696,1,0,1,0,1,0,0,0,0,0,0,0,0,0,0,0,0,0,1,0,0,0,1,0,0,0
183,0.16651403627066402,0.17452803049606366,0.2755727068594259,1,0,1,0,1,0,0,0,0,1,0,0,0,0,0,0,0,1,0,0,0,0,0,1,0,0
326,0.16651403627066402,0.8925343188086635,-0.732236049655046,1,0,1,0,0,1,0,0,0,0,0,0,0,0,0,0,0,1,0,0,0,0,0,1,0,0
136,0.16651403627066402,1.8900806047449432,0.5275248959880439,0,0,1,0,1,0,0,0,0,1,0,0,0,0,1,0,0,0,0,0,0,1,0,0,0,0
130,0.16651403627066402,1.8453825848203447,2.2911902198883696,0,1,0,0,1,0,0,0,0,0,0,1,0,0,1,0,0,0,0,0,0,1,0,0,0,0
951,0.16651403627066402,-0.4044177513844516,1.2833814633738978,1,0,1,0,1,0,1,0,0,0,1,0,0,1,0,0,0,0,0,0,0,1,0,0,0,0
863,-1.3302413459375508,0.4402329267145109,0.5275248959880439,1,0,1,0,1,0,0,0,0,1,0,0,0,0,0,0,0,1,0,0,0,0,1,0,0,0
5,-1.3302413459375508,2.0468784206709163,1.2833814633738978,1,0,1,1,0,0,0,0,0,0,0,0,0,0,0,0,1,0,0,0,0,0,1,0,0,0
132,-1.3302413459375508,-0.20469564648326893,-0.48028386052642796,0,0,1,0,1,0,1,0,0,0,0,0,0,0,0,0,0,1,0,0,0,1,0,0,0,0
613,0.16651403627066402,0.1230898329637875,0.2755727068594259,0,1,0,0,0,1,1,0,0,0,1,0,0,0,1,0,0,0,0,0,0,1,0,0,0,0
650,1.663269418478879,1.4867341868539226,2.2911902198883696,1,0,1,1,0,0,1,0,0,0,1,0,0,0,0,0,1,0,0,0,0,0,0,1,0,0
626,0.16651403627066402,-0.41470539089090686,-1.2361404279122818,1,0,1,0,1,0,1,0,0,0,0,0,1,0,0,0,0,1,0,0,0,0,0,1,0,0
63,0.16651403627066402,3.950446475555012,2.2911902198883696,1,0,1,0,1,0,1,0,0,0,0,1,0,1,0,0,0,0,0,0,0,1,0,0,0,0
535,0.16651403627066402,-0.3426919143457202,0.023620517730807936,1,0,1,0,0,1,1,0,0,0,0,0,1,0,0,0,1,0,0,0,0,0,1,0,0,0
644,1.663269418478879,-0.4984254917020598,-0.22833167139781002,1,0,1,0,1,0,1,0,0,0,1,0,0,0,0,0,0,0,1,0,0,0,1,0,0,0
402,0.16651403627066402,1.9024967213906652,0.2755727068594259,1,0,1,0,1,0,1,0,0,0,0,0,0,1,0,0,0,0,0,0,0,1,0,0,0,0
830,0.16651403627066402,-0.32282612771256525,0.2755727068594259,1,0,1,0,1,0,0,0,1,0,0,0,0,1,0,0,0,0,0,0,0,0,0,1,0,0
569,0.16651403627066402,1.2320264225216861,2.2911902198883696,1,1,0,0,1,0,1,0,0,0,1,0,0,0,0,0,0,0,1,0,0,0,1,0,0,0
774,-2.8269967281457657,-0.6403239676531665,-0.732236049655046,1,0,1,1,0,0,0,0,1,0,0,0,1,0,1,0,0,0,0,0,0,0,0,0,0,1
682,0.16651403627066402,-0.6410334600329219,-0.48028386052642796,1,0,1,0,1,0,1,0,0,0,0,0,0,0,0,0,0,0,1,0,0,0,1,0,0,0
203,0.16651403627066402,-0.8453672654025156,-0.732236049655046,1,0,1,0,0,1,1,0,0,0,1,0,0,0,0,0,1,0,0,0,0,1,0,0,0,0
70,0.16651403627066402,1.7198024336036153,1.2833814633738978,0,1,0,0,1,0,1,0,0,0,0,0,0,0,1,0,0,0,0,0,0,1,0,0,0,0
917,1.663269418478879,4.118950915746952,-1.2361404279122818,1,0,1,0,1,0,1,0,0,0,1,0,0,0,1,0,0,0,0,0,0,0,0,0,0,1
686,0.16651403627066402,-0.6875052109069094,-0.9002041757407913,0,0,1,0,1,0,0,0,0,0,0,0,1,0,0,0,0,0,1,0,0,1,0,0,0,0
143,0.16651403627066402,-0.29196320919319957,-0.22833167139781002,1,0,1,0,1,0,1,0,0,0,1,0,0,0,0,0,0,1,0,0,0,1,0,0,0,0
735,-2.8269967281457657,0.25008896894002797,1.2833814633738978,0,1,0,0,1,0,0,0,0,0,0,1,0,0,0,1,0,0,0,0,0,1,0,0,0,0
583,-1.3302413459375508,-0.31963341200366535,1.2833814633738978,1,0,1,0,0,1,1,0,0,0,0,1,0,0,0,0,0,0,0,1,0,0,1,0,0,0
201,-1.3302413459375508,-0.7510047788950297,-0.732236049655046,0,0,1,0,1,0,1,0,0,0,1,0,0,0,1,0,0,0,0,0,0,1,0,0,0,0
632,0.16651403627066402,-0.653094830488766,-0.48028386052642796,0,0,1,0,1,0,0,0,0,0,0,1,0,0,0,0,0,0,1,0,0,1,0,0,0,0
336,-1.3302413459375508,-0.4200265837390733,-0.6482519866121733,0,1,0,0,1,0,1,0,0,0,0,1,0,0,0,0,0,0,1,0,0,1,0,0,0,0
440,1.663269418478879,-0.4970065069425487,-0.732236049655046,1,0,1,0,1,0,1,0,0,0,0,0,0,0,1,0,0,0,0,0,0,0,1,0,0,0
637,0.16651403627066402,4.387493781484421,3.2989989764028413,0,0,1,0,1,0,1,0,0,0,0,0,0,0,0,0,0,0,1,0,0,1,0,0,0,0
666,0.16651403627066402,0.07484435114041123,0.7794770851166618,1,0,1,0,1,0,0,0,0,1,0,1,0,0,0,0,0,1,0,0,0,0,1,0,0,0
907,0.16651403627066402,0.15111478196413106,1.2833814633738978,0,0,1,0,1,0,0,0,0,0,0,1,0,0,0,0,1,0,0,0,0,1,0,0,0,0
977,0.16651403627066402,-0.3043793258389214,-0.22833167139781002,1,0,1,0,1,0,0,0,0,0,0,1,0,1,0,0,0,0,0,0,0,0,0,1,0,0
641,-1.3302413459375508,-0.7013403123121423,-0.48028386052642796,1,0,1,0,1,0,1,0,0,0,0,1,0,0,0,0,0,0,0,1,0,0,1,0,0,0
903,0.16651403627066402,-0.6736701095016765,-0.48028386052642796,1,0,1,0,0,1,0,0,0,0,0,0,0,0,0,0,0,0,1,0,0,0,1,0,0,0
443,-1.3302413459375508,-0.910285818150147,-0.732236049655046,1,0,1,0,1,0,1,0,0,0,0,0,0,0,0,0,1,0,0,0,0,0,0,1,0,0
194,0.16651403627066402,-0.0901126271527503,2.0392380307597517,1,0,1,0,0,1,0,1,0,0,0,1,0,0,0,0,0,0,1,0,0,1,0,0,0,0
3,0.16651403627066402,1.6307611399442958,1.7872858416311337,1,0,1,1,0,0,1,0,0,0,1,0,0,0,0,0,0,1,0,0,0,0,0,1,0,0
892,-1.3302413459375508,-0.3951943504476297,-0.732236049655046,1,0,1,0,1,0,1,0,0,0,1,0,0,0,1,0,0,0,0,0,0,0,1,0,0,0
590,-1.3302413459375508,-1.028771045569321,-0.732236049655046,0,1,0,0,1,0,1,0,0,0,1,0,0,0,0,0,0,0,1,0,0,0,0,0,1,0
357,1.663269418478879,0.41788391675221165,1.2833814633738978,1,0,1,0,1,0,1,0,0,0,0,0,0,0,0,0,0,0,1,0,0,1,0,0,0,0
220,-1.3302413459375508,-0.943631959998657,-0.732236049655046,0,0,1,0,1,0,1,0,0,0,0,1,0,0,0,0,0,0,1,0,0,1,0,0,0,0
358,0.16651403627066402,-0.8900652853271143,-0.732236049655046,0,0,1,0,1,0,1,0,0,0,0,0,0,0,0,0,0,0,1,0,0,1,0,0,0,0
248,0.16651403627066402,-0.48246191315756026,0.2755727068594259,0,0,1,0,1,0,1,0,0,0,0,0,1,0,0,0,0,1,0,0,0,1,0,0,0,0
852,0.16651403627066402,-0.6435166833620664,-0.48028386052642796,1,0,1,1,0,0,1,0,0,0,0,0,0,0,0,0,0,0,1,0,0,0,1,0,0,0
173,0.16651403627066402,-0.6637372161850991,-1.0681723018265366,1,0,1,0,1,0,1,0,0,0,0,1,0,0,0,0,0,0,1,0,0,0,1,0,0,0
978,-1.3302413459375508,-0.26500249876248927,0.2755727068594259,1,0,1,0,1,0,1,0,0,0,0,0,0,0,1,0,0,0,0,0,0,0,0,1,0,0
60,0.16651403627066402,-0.6718963785522877,-0.9841882387836639,0,0,1,0,1,0,1,0,0,0,0,1,0,1,0,0,0,0,0,0,0,1,0,0,0,0
927,0.16651403627066402,2.4874731884991026,2.2911902198883696,1,0,1,1,0,0,1,0,0,0,1,0,0,0,1,0,0,0,0,0,0,0,1,0,0,0
388,0.16651403627066402,-0.3402086910165758,-0.48028386052642796,0,0,1,0,1,0,0,0,1,0,0,1,0,1,0,0,0,0,0,0,0,1,0,0,0,0
929,-1.3302413459375508,-0.6885694494765427,-0.732236049655046,1,0,1,0,1,0,1,0,0,0,1,0,0,0,1,0,0,0,0,0,0,0,0,1,0,0
860,0.16651403627066402,0.8935985573782967,0.2755727068594259,0,0,1,0,1,0,0,0,0,1,0,0,0,0,1,0,0,0,0,0,0,1,0,0,0,0
670,-1.3302413459375508,0.30294615123181523,0.2755727068594259,0,0,1,0,1,0,0,1,0,0,0,0,0,1,0,0,0,0,0,0,0,1,0,0,0,0
640,-2.8269967281457657,-0.8992886862639362,-0.22833167139781002,1,1,0,0,1,0,1,0,0,0,1,0,0,0,0,0,1,0,0,0,0,1,0,0,0,0
263,-1.3302413459375508,-0.19050579888815827,-0.732236049655046,0,1,0,1,0,0,1,0,0,0,0,0,0,0,0,0,1,0,0,0,0,0,0,0,1,0
45,1.663269418478879,-0.6711868861725322,-0.8162201126979186,0,1,0,0,1,0,1,0,0,0,0,0,0,0,1,0,0,0,0,0,0,0,1,0,0,0
485,1.663269418478879,-0.7364601851100412,-1.2361404279122818,1,0,1,0,1,0,1,0,0,0,0,1,0,0,1,0,0,0,0,0,0,0,0,1,0,0
352,1.663269418478879,-0.019872881556952486,-0.22833167139781002,1,0,1,0,1,0,0,0,0,0,0,0,0,0,1,0,0,0,0,0,0,0,1,0,0,0
520,0.16651403627066402,0.7882389389846001,0.2755727068594259,1,0,1,1,0,0,1,0,0,0,0,0,0,0,0,0,0,0,0,1,0,0,0,1,0,0
841,-1.3302413459375508,-0.10359298236810542,0.023620517730807936,0,0,1,0,1,0,1,0,0,0,0,0,0,0,1,0,0,0,0,0,0,1,0,0,0,0
127,0.16651403627066402,-0.9386655133403683,-0.732236049655046,1,0,1,0,1,0,1,0,0,0,0,1,0,0,0,0,0,0,0,1,0,1,0,0,0,0
950,-2.8269967281457657,0.10819049298892129,-0.22833167139781002,1,0,1,0,1,0,1,0,0,0,0,1,0,1,0,0,0,0,0,0,0,0,1,0,0,0
150,0.16651403627066402,-0.6878599570967872,-1.2361404279122818,1,0,1,1,0,0,0,1,0,0,0,0,0,0,0,0,0,0,1,0,0,0,0,1,0,0
658,0.16651403627066402,0.3320353388017921,0.7794770851166618,0,1,0,0,1,0,1,0,0,0,0,1,0,1,0,0,0,0,0,0,0,1,0,0,0,0
315,0.16651403627066402,-0.1912152912679138,1.2833814633738978,1,0,1,0,1,0,1,0,0,0,1,0,0,0,0,0,0,1,0,0,0,0,1,0,0,0
889,0.16651403627066402,1.6101858609313855,0.6115089590309165,1,0,1,0,0,1,0,0,0,0,0,0,0,0,1,0,0,0,0,0,0,0,1,0,0,0
582,0.16651403627066402,-0.672960617121921,-0.9841882387836639,0,1,0,0,0,1,1,0,0,0,0,0,0,0,0,0,0,1,0,0,0,1,0,0,0,0
459,0.16651403627066402,0.46435566762619906,-0.22833167139781002,1,0,1,0,1,0,1,0,0,0,0,0,0,0,0,0,0,0,1,0,0,0,1,0,0,0
423,1.663269418478879,-0.6009471405767344,0.023620517730807936,1,0,1,0,1,0,0,1,0,0,0,0,0,0,0,0,0,1,0,0,0,0,1,0,0,0
493,0.16651403627066402,-1.034801730797243,-1.2361404279122818,1,0,1,0,1,0,0,0,0,0,0,1,0,0,0,0,0,0,1,0,0,0,1,0,0,0
2,-1.3302413459375508,-0.4218003146884622,-0.732236049655046,1,0,1,0,1,0,1,0,0,0,0,0,0,0,0,0,1,0,0,0,0,0,0,1,0,0
458,0.16651403627066402,-1.0436703855441871,-1.2361404279122818,0,1,0,0,1,0,1,0,0,0,1,0,0,0,0,1,0,0,0,0,0,1,0,0,0,0
295,0.16651403627066402,2.367923722510295,2.2911902198883696,1,1,0,0,1,0,1,0,0,0,0,1,0,0,0,0,0,1,0,0,0,1,0,0,0,0
696,0.16651403627066402,-0.7740632812370845,-0.732236049655046,0,0,1,0,1,0,1,0,0,0,0,1,0,0,0,0,0,0,1,0,0,1,0,0,0,0
651,-1.3302413459375508,-0.4835261517271936,-0.732236049655046,1,0,1,0,1,0,1,0,0,0,0,1,0,0,0,0,0,1,0,0,0,0,1,0,0,0
271,0.16651403627066402,-0.6679941704636323,-0.732236049655046,0,1,0,0,0,1,0,0,1,0,0,0,0,0,0,0,0,1,0,0,0,0,1,0,0,0
404,0.16651403627066402,-0.1369391242166155,-0.22833167139781002,1,0,1,0,1,0,0,0,0,0,0,1,0,0,1,0,0,0,0,0,0,0,0,1,0,0
753,0.16651403627066402,0.8818919331123305,0.7794770851166618,0,1,0,0,1,0,1,0,0,0,0,0,0,0,0,0,0,0,1,0,0,1,0,0,0,0
284,0.16651403627066402,0.2103573956737181,0.2755727068594259,1,0,1,0,1,0,0,1,0,0,0,1,0,0,1,0,0,0,0,0,0,0,1,0,0,0
680,0.16651403627066402,-0.619748688640256,-1.2361404279122818,0,1,0,0,1,0,1,0,0,0,0,0,0,0,0,0,1,0,0,0,0,0,0,0,1,0
842,0.16651403627066402,-0.47607648173976047,-0.22833167139781002,1,1,0,0,1,0,1,0,0,0,0,0,0,0,0,0,0,0,0,1,0,1,0,0,0,0
816,0.16651403627066402,-0.6906979266158093,-1.2361404279122818,1,0,1,0,1,0,0,0,1,0,0,0,0,0,0,1,0,0,0,0,0,0,0,0,0,1
424,0.16651403627066402,-0.18553935222986953,-0.732236049655046,1,1,0,0,1,0,0,0,0,0,0,1,0,0,0,0,0,1,0,0,0,1,0,0,0,0
619,-1.3302413459375508,-0.9383107671504904,-0.732236049655046,1,0,1,0,1,0,1,0,0,0,0,0,0,0,1,0,0,0,0,0,0,0,0,1,0,0
412,1.663269418478879,-0.3522700614724199,-0.732236049655046,1,0,1,0,1,0,1,0,0,0,0,0,0,1,0,0,0,0,0,0,0,0,0,1,0,0
435,0.16651403627066402,-0.6389049828936554,-0.732236049655046,1,0,1,0,1,0,0,0,0,0,0,1,0,0,0,0,0,0,1,0,0,1,0,0,0,0
989,-1.3302413459375508,-0.5470257197153138,0.2755727068594259,1,0,1,0,1,0,1,0,0,0,0,1,0,0,0,0,0,0,1,0,0,0,0,1,0,0
689,0.16651403627066402,0.12983001057146507,-0.732236049655046,1,0,1,0,1,0,0,0,0,1,1,0,0,0,1,0,0,0,0,0,0,0,1,0,0,0
174,0.16651403627066402,0.045755163570434354,0.023620517730807936,1,0,1,0,1,0,1,0,0,0,1,0,0,0,0,0,1,0,0,0,0,1,0,0,0,0
184,0.16651403627066402,-0.8517526968203154,-0.22833167139781002,1,0,1,0,1,0,1,0,0,0,0,1,0,0,1,0,0,0,0,0,0,0,1,0,0,0
869,0.16651403627066402,-0.9340538128719573,-0.732236049655046,0,1,0,0,0,1,1,0,0,0,1,0,0,0,0,0,0,1,0,0,0,1,0,0,0,0
725,-1.3302413459375508,-1.0766617812028194,-1.2361404279122818,0,1,0,0,1,0,0,0,0,1,0,0,0,0,1,0,0,0,0,0,0,0,0,1,0,0
941,-1.3302413459375508,-0.6169107191212339,-0.9002041757407913,1,0,1,0,1,0,1,0,0,0,0,0,0,0,1,0,0,0,0,0,0,0,1,0,0,0
884,0.16651403627066402,0.27385696366183837,0.2755727068594259,1,0,1,0,1,0,1,0,0,0,0,1,0,0,0,0,0,1,0,0,0,0,0,1,0,0
748,0.16651403627066402,0.6963596758062585,0.023620517730807936,0,0,1,0,1,0,0,0,0,0,0,0,0,0,1,0,0,0,0,0,0,1,0,0,0,0
7,1.663269418478879,1.299428198598462,1.2833814633738978,1,0,1,0,0,1,1,0,0,0,0,1,0,0,1,0,0,0,0,0,0,0,1,0,0,0
832,0.16651403627066402,3.0263326509234303,2.0392380307597517,1,0,1,0,0,1,1,0,0,0,1,0,0,1,0,0,0,0,0,0,0,1,0,0,0,0
864,-1.3302413459375508,-0.38135924904239676,-0.9002041757407913,1,0,1,0,0,1,1,0,0,0,0,0,0,0,0,0,0,1,0,0,0,1,0,0,0,0
653,1.663269418478879,1.7031293626793602,1.2833814633738978,1,0,1,0,1,0,0,1,0,0,0,1,0,0,1,0,0,0,0,0,0,0,0,1,0,0
681,0.16651403627066402,-0.3568817619408309,-0.732236049655046,1,0,1,1,0,0,0,0,0,0,0,0,0,0,0,0,0,0,1,0,0,0,1,0,0,0
353,0.16651403627066402,1.0337233023800148,-0.732236049655046,1,0,1,0,0,1,1,0,0,0,1,0,0,0,0,0,0,0,1,0,0,1,0,0,0,0
401,0.16651403627066402,-0.4959422683729154,-0.22833167139781002,0,0,1,0,1,0,0,0,0,0,0,1,0,1,0,0,0,0,0,0,0,1,0,0,0,0
411,1.663269418478879,1.4076257865111808,1.0314292742452797,1,0,1,0,1,0,1,0,0,0,0,0,0,0,1,0,0,0,0,0,0,0,1,0,0,0
821,0.16651403627066402,-0.0954338200009168,-0.732236049655046,0,0,1,0,1,0,1,0,0,0,0,0,1,0,0,0,0,0,1,0,0,1,0,0,0,0
351,0.16651403627066402,-0.8251467325794829,-0.9841882387836639,1,1,0,0,1,0,1,0,0,0,0,1,0,0,0,0,0,1,0,0,0,1,0,0,0,0
543,-1.3302413459375508,-0.14935524086233734,-0.22833167139781002,1,0,1,0,1,0,1,0,0,0,0,0,1,0,0,0,0,1,0,0,0,0,1,0,0,0
752,-1.3302413459375508,-0.8670067829850594,-0.732236049655046,0,1,0,0,0,1,0,1,0,0,0,1,0,1,0,0,0,0,0,0,0,1,0,0,0,0
131,0.16651403627066402,1.2777886810159182,1.2833814633738978,1,0,1,0,1,0,1,0,0,0,1,0,0,0,0,0,1,0,0,0,0,1,0,0,0,0
988,1.663269418478879,1.168526854533566,0.2755727068594259,0,0,1,1,0,0,1,0,0,0,1,0,0,0,1,0,0,0,0,0,0,1,0,0,0,0
707,0.16651403627066402,-0.11210689092517183,-0.732236049655046,1,1,0,0,0,1,1,0,0,0,0,1,0,0,0,0,0,1,0,0,0,1,0,0,0,0
110,0.16651403627066402,-0.6513210995393772,-1.2361404279122818,1,0,1,0,1,0,0,1,0,0,0,1,0,1,0,0,0,0,0,0,0,0,1,0,0,0
200,0.16651403627066402,-0.8333058949466715,-0.9841882387836639,1,0,1,0,1,0,0,0,1,0,0,0,0,0,0,0,1,0,0,0,0,0,0,0,1,0
121,1.663269418478879,0.20680993377494045,0.2755727068594259,0,1,0,0,0,1,1,0,0,0,0,0,0,0,1,0,0,0,0,0,0,0,0,1,0,0
484,0.16651403627066402,-0.7527785098444185,-0.732236049655046,1,0,1,0,1,0,0,0,1,0,0,0,0,0,1,0,0,0,0,0,0,0,0,1,0,0
729,0.16651403627066402,-0.7130469365781086,0.2755727068594259,1,0,1,0,1,0,0,0,0,1,0,0,1,1,0,0,0,0,0,0,0,0,1,0,0,0
479,0.16651403627066402,-0.6410334600329219,-0.48028386052642796,1,0,1,0,1,0,1,0,0,0,1,0,0,0,0,0,0,1,0,0,0,0,0,1,0,0
839,0.16651403627066402,-0.2391060269014123,0.2755727068594259,1,0,1,0,1,0,1,0,0,0,0,0,0,0,0,0,0,0,1,0,0,0,0,1,0,0
316,-1.3302413459375508,-0.9141880262388024,-0.732236049655046,1,0,1,0,1,0,1,0,0,0,1,0,0,0,0,0,0,1,0,0,0,0,1,0,0,0
230,0.16651403627066402,0.32813313071313666,1.2833814633738978,1,0,1,0,1,0,1,0,0,0,0,0,1,0,0,0,0,0,1,0,0,1,0,0,0,0
636,0.16651403627066402,-0.6772175714004542,0.2755727068594259,0,1,0,0,1,0,0,0,1,0,0,0,0,0,0,0,0,0,1,0,0,1,0,0,0,0
745,-1.3302413459375508,-0.5278694254619144,-0.6482519866121733,0,0,1,0,1,0,1,0,0,0,1,0,0,1,0,0,0,0,0,0,0,1,0,0,0,0
930,-1.3302413459375508,-0.5456067349558027,0.2755727068594259,0,0,1,0,1,0,1,0,0,0,1,0,0,0,0,0,0,1,0,0,0,1,0,0,0,0
638,0.16651403627066402,-0.6357122671847555,-0.732236049655046,0,1,0,0,1,0,1,0,0,0,0,0,0,0,0,0,0,0,1,0,0,0,1,0,0,0
925,0.16651403627066402,-0.9180902343274578,-0.732236049655046,1,0,1,0,1,0,1,0,0,0,1,0,0,0,1,0,0,0,0,0,0,0,0,1,0,0
204,-1.3302413459375508,-0.635002774805,-0.732236049655046,1,0,1,0,1,0,1,0,0,0,0,0,0,0,1,0,0,0,0,0,0,0,1,0,0,0
396,1.663269418478879,-0.2508126511673786,-0.732236049655046,0,1,0,1,0,0,1,0,0,0,1,0,0,0,0,0,0,1,0,0,0,0,0,0,1,0
898,-1.3302413459375508,-0.38987315759946317,-0.48028386052642796,0,1,0,0,0,1,0,0,0,0,0,0,0,0,0,0,0,1,0,0,0,0,1,0,0,0
254,0.16651403627066402,-0.4452135632203948,-0.9841882387836639,0,0,1,0,1,0,0,0,0,0,0,1,0,0,0,0,0,1,0,0,0,1,0,0,0,0
437,0.16651403627066402,-0.7087899822995755,0.2755727068594259,0,1,0,0,1,0,0,0,0,1,0,0,0,0,1,0,0,0,0,0,0,0,1,0,0,0
993,1.663269418478879,0.2390918370538172,1.2833814633738978,0,0,1,0,1,0,1,0,0,0,1,0,0,0,0,0,0,1,0,0,0,1,0,0,0,0
529,-1.3302413459375508,-0.9305063509731796,-1.2361404279122818,1,0,1,0,1,0,1,0,0,0,1,0,0,0,1,0,0,0,0,0,0,0,0,1,0,0
624,0.16651403627066402,-0.24300823499006774,-0.22833167139781002,1,0,1,1,0,0,1,0,0,0,1,0,0,0,0,0,0,0,1,0,0,0,0,0,0,1
885,0.16651403627066402,-0.8833251077194366,-0.732236049655046,1,1,0,0,1,0,1,0,0,0,1,0,0,0,0,0,1,0,0,0,0,0,0,0,1,0
744,1.663269418478879,3.8645978976045927,1.5353336525025156,0,0,1,0,1,0,0,0,0,0,1,0,0,0,0,0,0,1,0,0,0,1,0,0,0,0
373,1.663269418478879,3.7145402592862977,3.2989989764028413,1,0,1,1,0,0,0,0,0,0,0,0,0,0,1,0,0,0,0,0,0,0,0,0,0,1
943,-1.3302413459375508,-0.6491926224001107,-1.4041085539980271,1,0,1,0,1,0,1,0,0,0,0,0,0,0,1,0,0,0,0,0,0,0,0,1,0,0
840,0.16651403627066402,0.6718821887046926,1.2833814633738978,1,0,1,0,1,0,1,0,0,0,1,0,0,0,0,0,0,1,0,0,0,1,0,0,0,0
551,-1.3302413459375508,-0.5445424963861695,-1.2361404279122818,1,0,1,0,1,0,0,0,1,0,0,0,0,0,0,0,0,0,1,0,0,0,0,1,0,0
468,0.16651403627066402,-0.184829859850114,1.0314292742452797,0,1,0,0,1,0,1,0,0,0,0,0,0,1,0,0,0,0,0,0,0,1,0,0,0,0
350,0.16651403627066402,-0.7268820379833415,-0.9841882387836639,0,1,0,0,0,1,1,0,0,0,0,0,0,0,0,1,0,0,0,0,0,1,0,0,0,0
785,-1.3302413459375508,-0.476785974119516,-0.22833167139781002,1,0,1,0,1,0,0,0,0,1,0,1,0,1,0,0,0,0,0,0,0,0,1,0,0,0
461,0.16651403627066402,-0.5548301358926246,-0.48028386052642796,1,0,1,0,1,0,1,0,0,0,1,0,0,0,1,0,0,0,0,0,0,0,1,0,0,0
306,-1.3302413459375508,0.5413355908296744,0.7794770851166618,0,1,0,0,0,1,0,0,0,0,0,0,0,0,1,0,0,0,0,0,0,1,0,0,0,0
144,0.16651403627066402,-0.353689046231931,0.023620517730807936,0,1,0,0,1,0,1,0,0,0,0,0,0,0,0,0,0,1,0,0,0,1,0,0,0,0
96,0.16651403627066402,-0.4515989946381946,-0.732236049655046,0,1,0,0,1,0,0,0,0,0,0,0,0,0,0,0,1,0,0,0,0,0,0,0,0,1
160,0.16651403627066402,-0.1465172713433152,0.2755727068594259,1,0,1,0,1,0,0,1,0,0,0,0,0,0,0,0,0,0,1,0,0,0,1,0,0,0
48,-1.3302413459375508,1.3987571317642367,-0.8162201126979186,1,0,1,0,1,0,1,0,0,0,0,0,0,0,1,0,0,0,0,0,0,0,1,0,0,0
428,0.16651403627066402,-0.6995665813627535,-0.9841882387836639,0,0,1,0,1,0,1,0,0,0,0,0,0,0,0,0,0,1,0,0,0,1,0,0,0,0
236,-2.8269967281457657,3.9979824649986333,-1.2361404279122818,1,0,1,0,1,0,0,0,0,0,0,1,0,0,1,0,0,0,0,0,0,1,0,0,0,0
767,0.16651403627066402,-0.13622963183685996,-0.9002041757407913,0,1,0,0,0,1,0,0,0,0,0,0,0,0,1,0,0,0,0,0,0,0,1,0,0,0
947,1.663269418478879,-0.15112897181172616,-0.732236049655046,1,0,1,0,1,0,0,0,0,0,0,0,0,0,1,0,0,0,0,0,0,0,1,0,0,0
71,-1.3302413459375508,-0.9063836100614915,-1.1521563648694093,1,0,1,0,0,1,0,0,0,0,0,0,0,0,0,0,0,0,1,0,0,0,0,1,0,0
486,0.16651403627066402,-0.07379430241837302,-0.732236049655046,1,0,1,0,1,0,1,0,0,0,0,0,0,0,0,0,0,0,1,0,0,0,0,0,1,0
283,0.16651403627066402,-0.6261341200580558,-0.48028386052642796,1,0,1,0,1,0,0,0,0,0,0,0,0,0,0,0,0,1,0,0,0,0,0,0,0,1
86,0.16651403627066402,-0.7059520127805533,-0.22833167139781002,0,1,0,0,1,0,1,0,0,0,0,1,0,0,0,0,0,1,0,0,0,1,0,0,0,0
481,0.16651403627066402,-0.7392981546290633,0.2755727068594259,0,0,1,0,1,0,1,0,0,0,0,1,0,0,1,0,0,0,0,0,0,1,0,0,0,0
562,0.16651403627066402,-0.9230566809857466,-1.2361404279122818,0,1,0,0,1,0,1,0,0,0,0,0,1,0,0,0,0,0,1,0,0,1,0,0,0,0
827,0.16651403627066402,0.3121695521686372,-0.22833167139781002,1,0,1,0,1,0,1,0,0,0,0,0,0,1,0,0,0,0,0,0,0,0,1,0,0,0
122,-1.3302413459375508,-0.5381570649683697,-0.732236049655046,0,0,1,0,0,1,1,0,0,0,0,0,0,0,0,0,0,1,0,0,0,1,0,0,0,0
504,0.16651403627066402,-0.7371696774897968,0.2755727068594259,1,1,0,0,0,1,1,0,0,0,1,0,0,0,1,0,0,0,0,0,0,1,0,0,0,0
330,1.663269418478879,1.1812977173691657,0.2755727068594259,1,0,1,1,0,0,1,0,0,0,1,0,0,0,1,0,0,0,0,0,0,0,0,0,0,1
547,0.16651403627066402,-0.6147822419819673,0.2755727068594259,1,0,1,0,1,0,1,0,0,0,0,0,0,0,0,0,0,0,1,0,0,0,1,0,0,0
415,0.16651403627066402,0.9070789125936519,1.2833814633738978,1,0,1,0,1,0,1,0,0,0,0,0,0,0,1,0,0,0,0,0,0,0,1,0,0,0
36,0.16651403627066402,1.0021508914808934,2.2911902198883696,1,0,1,1,0,0,1,0,0,0,0,0,0,0,0,0,1,0,0,0,0,0,1,0,0,0
371,0.16651403627066402,0.9879610438857828,-0.22833167139781002,1,0,1,0,1,0,1,0,0,0,0,0,0,0,0,0,0,0,1,0,0,0,1,0,0,0
474,0.16651403627066402,-0.7236893222744416,-0.22833167139781002,1,0,1,0,1,0,1,0,0,0,0,1,0,0,0,0,0,0,1,0,0,0,1,0,0,0
422,-1.3302413459375508,-0.8255014787693606,-0.732236049655046,1,0,1,0,1,0,1,0,0,0,0,1,0,0,1,0,0,0,0,0,0,0,0,1,0,0
181,1.663269418478879,0.4150459472331895,1.2833814633738978,1,0,1,0,1,0,1,0,0,0,0,1,0,1,0,0,0,0,0,0,0,1,0,0,0,0
231,-1.3302413459375508,-0.27599963064870003,-0.9841882387836639,1,0,1,1,0,0,0,0,1,0,0,0,0,0,1,0,0,0,0,0,0,0,0,0,1,0
957,-1.3302413459375508,-0.7559712255533184,-0.9841882387836639,1,0,1,0,1,0,1,0,0,0,0,1,0,0,0,0,0,0,1,0,0,0,1,0,0,0
820,0.16651403627066402,-0.77477277361684,-0.732236049655046,0,0,1,0,1,0,1,0,0,0,0,0,0,0,1,0,0,0,0,0,0,1,0,0,0,0
812,0.16651403627066402,2.2505027336607544,1.2833814633738978,1,0,1,0,1,0,1,0,0,0,1,0,0,0,1,0,0,0,0,0,0,1,0,0,0,0
692,0.16651403627066402,-0.1380033627862488,0.2755727068594259,0,0,1,0,1,0,0,1,0,0,0,1,0,0,0,0,0,0,1,0,0,1,0,0,0,0
438,-2.8269967281457657,0.038660239772879024,1.7872858416311337,1,0,1,0,1,0,1,0,0,0,1,0,0,0,0,0,0,0,0,1,0,0,0,0,0,1
713,-1.3302413459375508,-0.7616471645913627,-0.9841882387836639,0,0,1,0,1,0,1,0,0,0,1,0,0,0,0,0,0,0,1,0,0,1,0,0,0,0
463,0.16651403627066402,-0.8978697015044251,-0.732236049655046,1,0,1,0,1,0,0,0,0,0,0,1,0,0,0,0,1,0,0,0,0,0,1,0,0,0
476,0.16651403627066402,-0.2540053668762785,1.5353336525025156,0,0,1,0,1,0,0,0,1,0,0,0,0,0,1,0,0,0,0,0,0,1,0,0,0,0
895,1.663269418478879,2.0085658321641175,1.2833814633738978,1,0,1,0,1,0,0,0,0,0,0,0,0,0,1,0,0,0,0,0,0,0,1,0,0,0
370,0.16651403627066402,-0.07308481003861748,1.2833814633738978,1,0,1,0,1,0,0,0,0,0,0,0,0,0,1,0,0,0,0,0,0,0,1,0,0,0
837,-1.3302413459375508,-0.9521458685557234,-1.4041085539980271,0,1,0,0,0,1,1,0,0,0,0,0,0,0,0,0,0,1,0,0,0,1,0,0,0,0
557,0.16651403627066402,0.6094468592862057,0.023620517730807936,1,1,0,0,1,0,0,0,0,0,0,0,0,0,1,0,0,0,0,0,0,1,0,0,0,0
134,0.16651403627066402,2.4331970214478043,3.2989989764028413,0,1,0,0,1,0,0,1,0,0,0,0,0,0,0,0,0,0,1,0,0,1,0,0,0,0
50,-1.3302413459375508,-0.33772546768743145,0.2755727068594259,0,0,1,0,1,0,0,0,0,0,0,1,0,0,0,0,0,1,0,0,0,1,0,0,0,0
73,-1.3302413459375508,0.9468104858599617,1.7872858416311337,0,1,0,0,1,0,1,0,0,0,0,1,0,1,0,0,0,0,0,0,0,0,0,1,0,0
510,0.16651403627066402,-0.8960959705550362,-0.732236049655046,1,0,1,0,1,0,1,0,0,0,1,0,0,0,1,0,0,0,0,0,0,1,0,0,0,0
577,0.16651403627066402,-0.4817524207778047,0.2755727068594259,0,1,0,0,1,0,0,0,0,0,0,0,0,0,0,0,1,0,0,0,0,0,1,0,0,0
709,-1.3302413459375508,-0.4139958985111513,-0.9841882387836639,1,0,1,0,1,0,1,0,0,0,0,1,0,0,0,0,0,0,1,0,0,0,1,0,0,0
531,0.16651403627066402,-0.23201110310385697,-0.48028386052642796,1,1,0,0,0,1,0,1,0,0,0,1,0,0,1,0,0,0,0,0,0,1,0,0,0,0
866,0.16651403627066402,-0.31785968105427653,-0.22833167139781002,0,1,0,0,1,0,1,0,0,0,1,0,0,0,0,0,0,0,1,0,0,1,0,0,0,0
631,0.16651403627066402,-0.6144274957920894,-0.22833167139781002,1,0,1,0,1,0,1,0,0,0,1,0,0,0,0,0,0,1,0,0,0,0,0,1,0,0
67,0.16651403627066402,-0.8081189154653501,-0.732236049655046,0,0,1,0,1,0,0,0,0,1,0,1,0,0,1,0,0,0,0,0,0,1,0,0,0,0
990,-1.3302413459375508,0.09932183824197713,-0.732236049655046,1,0,1,0,1,0,0,0,0,0,0,0,0,0,0,0,1,0,0,0,0,0,1,0,0,0
987,0.16651403627066402,-0.6655109471344879,-0.6482519866121733,0,1,0,0,1,0,0,1,0,0,0,0,0,0,0,0,0,0,1,0,0,0,0,0,0,1
730,0.16651403627066402,1.1060915251150791,0.2755727068594259,1,0,1,0,1,0,1,0,0,0,0,1,0,0,0,0,0,0,1,0,0,0,1,0,0,0
629,-1.3302413459375508,0.19403907093934084,-0.9841882387836639,1,0,1,0,1,0,0,0,0,0,0,0,0,0,0,0,1,0,0,0,0,0,0,0,0,1
968,0.16651403627066402,1.3767628679918151,1.7872858416311337,0,0,1,0,0,1,0,0,0,0,0,0,0,0,0,0,0,0,1,0,0,1,0,0,0,0
360,0.16651403627066402,-0.7258177994137083,-0.22833167139781002,1,0,1,1,0,0,0,0,0,0,0,1,0,0,0,0,1,0,0,0,0,0,0,0,0,1
779,0.16651403627066402,0.2082289185344515,-0.22833167139781002,0,1,0,0,1,0,1,0,0,0,0,1,0,0,0,0,0,0,0,1,0,0,0,0,0,1
262,1.663269418478879,0.715515970059658,-0.22833167139781002,1,0,1,1,0,0,1,0,0,0,1,0,0,0,1,0,0,0,0,0,0,0,1,0,0,0
618,0.16651403627066402,0.055333310697134055,0.7794770851166618,1,1,0,0,0,1,0,1,0,0,0,1,0,0,0,0,0,1,0,0,0,1,0,0,0,0
822,0.16651403627066402,-0.20327666172375788,1.2833814633738978,1,0,1,0,1,0,1,0,0,0,1,0,0,0,0,0,0,1,0,0,0,0,0,1,0,0
639,0.16651403627066402,0.38489252109357935,1.7872858416311337,1,0,1,0,1,0,1,0,0,0,1,0,0,0,0,0,0,0,1,0,0,1,0,0,0,0
570,-1.3302413459375508,-0.01809915060756365,0.2755727068594259,1,1,0,0,0,1,1,0,0,0,1,0,0,0,0,0,0,1,0,0,0,1,0,0,0,0
694,0.16651403627066402,-0.355108030991442,0.2755727068594259,0,0,1,0,1,0,1,0,0,0,0,0,0,0,0,0,0,0,1,0,0,1,0,0,0,0
997,0.16651403627066402,-0.8801323920105367,-0.732236049655046,1,0,1,0,1,0,1,0,0,0,0,0,0,0,0,0,0,0,1,0,0,0,1,0,0,0
126,-1.3302413459375508,-0.9166712495679468,-0.732236049655046,1,0,1,0,1,0,1,0,0,0,1,0,0,0,0,0,0,0,1,0,0,0,1,0,0,0
436,-1.3302413459375508,-0.9312158433529352,-1.2361404279122818,0,0,1,0,0,1,0,0,1,0,0,0,0,0,0,0,0,0,0,1,0,1,0,0,0,0
695,0.16651403627066402,-0.7268820379833415,-1.2361404279122818,1,0,1,0,0,1,0,0,1,0,0,0,0,0,1,0,0,0,0,0,0,0,0,1,0,0
280,0.16651403627066402,0.029436838836057088,-0.48028386052642796,0,0,1,0,0,1,0,0,0,1,0,0,0,0,1,0,0,0,0,0,0,1,0,0,0,0
511,1.663269418478879,0.4969923170949536,1.2833814633738978,1,0,1,1,0,0,1,0,0,0,0,0,0,0,1,0,0,0,0,0,0,0,1,0,0,0
328,0.16651403627066402,0.4214313786509893,1.2833814633738978,1,0,1,0,1,0,1,0,0,0,0,0,1,0,0,0,0,0,1,0,0,0,1,0,0,0
750,0.16651403627066402,-1.013516959404577,-1.2361404279122818,0,1,0,0,1,0,1,0,0,0,1,0,0,0,0,0,0,1,0,0,0,0,0,1,0,0
366,0.16651403627066402,0.20042450235714065,-0.22833167139781002,0,0,1,0,1,0,1,0,0,0,0,0,0,0,1,0,0,0,0,0,0,1,0,0,0,0
61,0.16651403627066402,-0.6201034348301337,-0.48028386052642796,1,0,1,0,1,0,0,0,0,0,0,1,0,0,0,0,0,0,1,0,0,0,0,1,0,0
164,0.16651403627066402,-0.8428840420733712,1.2833814633738978,1,0,1,0,1,0,0,0,1,0,0,0,0,0,1,0,0,0,0,0,0,0,1,0,0,0
600,0.16651403627066402,-0.3391444524469425,-1.1521563648694093,0,1,0,0,1,0,1,0,0,0,0,1,0,0,0,0,0,0,1,0,0,0,0,1,0,0
755,0.16651403627066402,-0.7094994746793309,0.2755727068594259,1,1,0,0,0,1,0,0,0,0,1,0,0,0,1,0,0,0,0,0,0,0,1,0,0,0
215,-1.3302413459375508,-0.8347248797061826,-1.2361404279122818,0,1,0,0,1,0,0,0,0,0,0,1,0,0,0,0,1,0,0,0,0,0,1,0,0,0
391,-1.3302413459375508,-0.8166328240224165,-0.732236049655046,0,1,0,0,0,1,0,0,0,1,0,1,0,0,0,0,0,1,0,0,0,1,0,0,0,0
102,0.16651403627066402,-0.8347248797061826,-1.2361404279122818,0,1,0,0,1,0,1,0,0,0,0,0,0,0,0,0,0,0,1,0,0,1,0,0,0,0
24,0.16651403627066402,-0.4313784618151619,-0.9002041757407913,0,0,1,0,1,0,0,0,0,0,0,0,0,0,0,0,0,1,0,0,0,1,0,0,0,0
343,1.663269418478879,0.40937000819514524,-0.22833167139781002,1,0,1,0,1,0,1,0,0,0,0,1,0,1,0,0,0,0,0,0,0,0,1,0,0,0
815,0.16651403627066402,1.4711253544993008,1.2833814633738978,0,1,0,0,0,1,1,0,0,0,0,1,0,0,1,0,0,0,0,0,0,0,0,0,1,0
168,0.16651403627066402,0.24370353752222818,0.2755727068594259,0,1,0,0,0,1,1,0,0,0,0,0,0,0,0,0,0,1,0,0,0,1,0,0,0,0
764,0.16651403627066402,-0.29160846300332177,0.2755727068594259,0,0,1,0,1,0,0,1,0,0,0,0,0,0,1,0,0,0,0,0,0,1,0,0,0,0
309,-1.3302413459375508,-1.0674383802659977,-0.9841882387836639,0,0,1,0,0,1,1,0,0,0,0,1,0,0,1,0,0,0,0,0,0,1,0,0,0,0
180,0.16651403627066402,2.2302822008377214,1.2833814633738978,1,0,1,0,1,0,1,0,0,0,0,0,0,1,0,0,0,0,0,0,0,1,0,0,0,0
516,-1.3302413459375508,-0.6825387642486207,-1.2361404279122818,1,0,1,0,1,0,1,0,0,0,1,0,0,0,1,0,0,0,0,0,0,0,1,0,0,0
567,0.16651403627066402,-0.2508126511673786,0.2755727068594259,1,0,1,0,1,0,0,0,0,1,0,0,0,0,0,0,0,0,1,0,0,0,1,0,0,0
487,0.16651403627066402,0.16743310669850833,0.2755727068594259,0,1,0,1,0,0,1,0,0,0,0,0,0,0,1,0,0,0,0,0,0,0,0,0,0,1
945,0.16651403627066402,1.7996203263261128,2.2911902198883696,0,1,0,0,1,0,0,0,1,0,0,1,0,0,1,0,0,0,0,0,0,1,0,0,0,0
240,0.16651403627066402,-0.8407555649341046,0.2755727068594259,1,1,0,0,1,0,0,0,0,0,1,0,0,0,1,0,0,0,0,0,0,1,0,0,0,0
338,0.16651403627066402,0.3135885369281482,0.2755727068594259,0,0,1,0,1,0,1,0,0,0,1,0,0,0,0,0,0,1,0,0,0,1,0,0,0,0
944,0.16651403627066402,-0.5108416083477816,-0.48028386052642796,0,1,0,0,0,1,1,0,0,0,1,0,0,0,0,0,0,1,0,0,0,0,0,1,0,0
85,1.663269418478879,-0.6644467085648545,-0.732236049655046,0,1,0,0,1,0,1,0,0,0,0,0,0,1,0,0,0,0,0,0,0,1,0,0,0,0
156,0.16651403627066402,-0.7084352361096977,-0.9841882387836639,1,0,1,0,1,0,0,1,0,0,1,0,0,0,0,0,0,0,0,1,0,0,0,1,0,0
719,0.16651403627066402,1.0156312466962485,-0.06036354531206472,1,0,1,0,1,0,0,1,0,0,0,1,0,0,1,0,0,0,0,0,0,0,1,0,0,0
471,0.16651403627066402,-1.0064220356070217,-1.2361404279122818,1,1,0,0,1,0,1,0,0,0,1,0,0,0,0,0,1,0,0,0,0,1,0,0,0,0
831,0.16651403627066402,-0.7339769617808969,-0.22833167139781002,1,1,0,0,0,1,1,0,0,0,1,0,0,0,1,0,0,0,0,0,0,1,0,0,0,0
346,0.16651403627066402,-0.852462189200071,-0.6482519866121733,0,0,1,0,1,0,1,0,0,0,0,1,0,0,0,0,0,0,1,0,0,1,0,0,0,0
321,0.16651403627066402,-0.4778502126891493,0.2755727068594259,1,0,1,0,1,0,1,0,0,0,1,0,0,0,0,0,0,0,1,0,0,0,1,0,0,0
883,-2.8269967281457657,-0.7758370121864734,-0.22833167139781002,0,1,0,0,1,0,1,0,0,0,0,0,0,0,0,0,0,0,1,0,0,0,0,0,0,1
97,0.16651403627066402,-0.23520381881275687,-0.22833167139781002,1,0,1,0,1,0,0,1,0,0,0,1,0,1,0,0,0,0,0,0,0,0,1,0,0,0
303,0.16651403627066402,-0.7971217835791393,-0.9002041757407913,1,0,1,0,1,0,1,0,0,0,1,0,0,0,1,0,0,0,0,0,0,0,0,1,0,0
405,0.16651403627066402,-0.4420208475114949,0.2755727068594259,1,0,1,0,1,0,1,0,0,0,0,1,0,0,0,0,0,0,1,0,0,1,0,0,0,0
247,0.16651403627066402,-0.7382339160594301,-1.2361404279122818,1,0,1,0,0,1,0,1,0,0,0,0,0,0,1,0,0,0,0,0,0,0,1,0,0,0
377,0.16651403627066402,-0.8652330520356706,-1.1521563648694093,1,0,1,1,0,0,0,0,0,0,0,0,0,0,0,0,0,0,1,0,0,0,1,0,0,0
614,0.16651403627066402,-0.523967217373259,-0.22833167139781002,1,1,0,0,1,0,1,0,0,0,0,0,0,0,0,0,0,1,0,0,0,1,0,0,0,0
515,0.16651403627066402,-0.9493078990367013,-1.2361404279122818,0,1,0,0,1,0,1,0,0,0,1,0,0,0,1,0,0,0,0,0,0,0,1,0,0,0
851,0.16651403627066402,0.26853577081367186,0.2755727068594259,1,0,1,0,1,0,0,0,0,0,0,0,0,0,1,0,0,0,0,0,0,0,0,1,0,0
312,0.16651403627066402,0.1645951371794862,0.2755727068594259,0,1,0,0,1,0,1,0,0,0,0,0,1,0,0,0,0,1,0,0,0,1,0,0,0,0
1,0.16651403627066402,0.9457462472903285,2.2911902198883696,1,1,0,0,1,0,1,0,0,0,0,1,0,0,0,0,0,0,1,0,0,1,0,0,0,0
255,-1.3302413459375508,1.466158907841012,3.2989989764028413,0,0,1,0,1,0,0,0,0,0,0,1,0,0,0,0,0,0,1,0,0,1,0,0,0,0
861,0.16651403627066402,-0.3959038428273852,-0.22833167139781002,1,0,1,0,1,0,1,0,0,0,0,0,0,1,0,0,0,0,0,0,0,1,0,0,0,0
886,0.16651403627066402,-0.16319034226757023,0.2755727068594259,1,0,1,0,1,0,0,0,0,0,0,1,0,1,0,0,0,0,0,0,0,0,1,0,0,0
277,-1.3302413459375508,-0.7176586370465196,-0.732236049655046,1,0,1,0,1,0,0,0,0,0,1,0,0,0,0,0,0,1,0,0,0,0,0,1,0,0
491,1.663269418478879,1.7854304787310022,0.5275248959880439,1,1,0,1,0,0,1,0,0,0,0,1,0,1,0,0,0,0,0,0,0,0,0,1,0,0
770,0.16651403627066402,-0.1678020427359812,0.2755727068594259,0,1,0,0,0,1,0,0,0,0,1,0,0,0,1,0,0,0,0,0,0,1,0,0,0,0
901,0.16651403627066402,0.0709421430517558,-0.06036354531206472,1,0,1,0,1,0,0,0,0,0,0,0,0,0,1,0,0,0,0,0,0,0,0,1,0,0
39,0.16651403627066402,-1.002874573708244,-0.9841882387836639,0,0,1,0,1,0,1,0,0,0,0,1,0,0,0,0,0,0,1,0,0,1,0,0,0,0
232,0.16651403627066402,-0.40583673614396265,-0.732236049655046,1,0,1,0,1,0,0,1,0,0,0,0,0,0,0,0,0,0,1,0,0,0,1,0,0,0
508,0.16651403627066402,-0.6640919623749768,0.2755727068594259,0,0,1,0,1,0,1,0,0,0,0,0,0,0,0,0,0,0,1,0,0,1,0,0,0,0
846,0.16651403627066402,1.2330906610913195,-0.22833167139781002,1,0,1,0,0,1,0,0,0,0,0,0,0,0,1,0,0,0,0,0,0,0,0,0,0,1
526,0.16651403627066402,-0.6218771657795226,-0.48028386052642796,0,1,0,0,1,0,0,1,0,0,0,0,0,0,0,0,1,0,0,0,0,0,1,0,0,0
446,0.16651403627066402,-0.5119058469174149,1.2833814633738978,1,1,0,0,1,0,1,0,0,0,1,0,0,0,1,0,0,0,0,0,0,0,1,0,0,0
833,0.16651403627066402,0.6381813006663047,0.2755727068594259,0,1,0,0,1,0,0,0,0,0,0,1,0,0,0,0,0,0,1,0,0,0,0,1,0,0
799,-2.8269967281457657,-0.6158464805516005,-0.9841882387836639,1,0,1,0,1,0,0,0,0,0,0,1,0,0,1,0,0,0,0,0,0,0,1,0,0,0
533,0.16651403627066402,-0.700276073742509,0.2755727068594259,0,0,1,0,1,0,0,1,0,0,0,0,0,0,0,0,0,0,1,0,0,1,0,0,0,0
894,0.16651403627066402,-0.750650032705152,-0.22833167139781002,0,0,1,0,1,0,0,0,0,0,0,0,0,0,0,0,0,0,1,0,0,1,0,0,0,0
17,0.16651403627066402,1.6981629160210716,0.7794770851166618,0,0,1,0,1,0,0,0,0,0,1,0,0,1,0,0,0,0,0,0,0,1,0,0,0,0
239,0.16651403627066402,-0.2706784378005335,0.7794770851166618,1,0,1,0,1,0,1,0,0,0,1,0,0,0,0,0,0,0,1,0,0,0,1,0,0,0
537,0.16651403627066402,0.11599490916623216,-0.22833167139781002,0,1,0,0,1,0,1,0,0,0,0,1,0,0,0,0,0,1,0,0,0,0,1,0,0,0
634,-1.3302413459375508,-0.6846672413878873,0.2755727068594259,1,1,0,0,1,0,1,0,0,0,0,1,0,0,1,0,0,0,0,0,0,1,0,0,0,0
470,0.16651403627066402,-0.06847310957020653,0.2755727068594259,1,0,1,0,0,1,0,1,0,0,0,1,0,0,0,0,0,0,1,0,0,1,0,0,0,0
514,0.16651403627066402,-0.3653956704978973,0.2755727068594259,1,0,1,0,1,0,0,0,0,0,0,0,0,0,1,0,0,0,0,0,0,0,0,0,1,0
598,0.16651403627066402,-0.18092765176145856,-0.22833167139781002,1,0,1,0,1,0,1,0,0,0,0,0,0,0,1,0,0,0,0,0,0,0,1,0,0,0
135,0.16651403627066402,-0.7254630532238304,-0.732236049655046,0,1,0,0,1,0,0,0,0,0,0,0,0,0,0,0,0,0,1,0,0,0,1,0,0,0
806,-1.3302413459375508,-0.9560480766443789,-1.2361404279122818,0,0,1,0,1,0,1,0,0,0,0,1,0,0,0,0,0,0,1,0,0,1,0,0,0,0
477,0.16651403627066402,0.6623040415779929,0.2755727068594259,0,0,1,0,1,0,1,0,0,0,0,0,1,0,0,0,0,0,1,0,0,1,0,0,0,0
724,0.16651403627066402,-0.25365062068640076,0.5275248959880439,1,1,0,0,0,1,1,0,0,0,0,0,0,0,1,0,0,0,0,0,0,1,0,0,0,0
170,0.16651403627066402,-0.8283394482883828,-0.48028386052642796,1,0,1,0,0,1,1,0,0,0,1,0,0,0,1,0,0,0,0,0,0,0,1,0,0,0
756,-2.8269967281457657,-0.7045330280210422,-1.2361404279122818,1,0,1,0,1,0,1,0,0,0,0,0,1,0,1,0,0,0,0,0,0,0,0,0,0,1
256,-1.3302413459375508,-0.21320955504033534,0.2755727068594259,1,0,1,0,1,0,1,0,0,0,0,0,0,0,0,0,0,0,1,0,0,0,1,0,0,0
31,0.16651403627066402,0.260731354636361,0.2755727068594259,0,0,1,0,1,0,1,0,0,0,1,0,0,0,0,0,0,1,0,0,0,1,0,0,0,0
57,0.16651403627066402,2.228153723698455,1.2833814633738978,0,1,0,0,1,0,1,0,0,0,0,0,0,0,0,0,0,0,1,0,0,0,1,0,0,0
563,0.16651403627066402,3.2296022177233903,1.2833814633738978,1,0,1,1,0,0,0,0,0,0,0,1,0,0,1,0,0,0,0,0,0,0,1,0,0,0
648,0.16651403627066402,-0.8294036868580161,0.2755727068594259,1,0,1,1,0,0,1,0,0,0,0,0,1,0,1,0,0,0,0,0,0,0,1,0,0,0
190,1.663269418478879,0.4632914290565658,0.2755727068594259,1,0,1,0,1,0,0,0,0,1,0,0,0,1,0,0,0,0,0,0,0,0,0,0,1,0
213,1.663269418478879,-0.4884925983854823,0.7794770851166618,1,0,1,0,1,0,1,0,0,0,0,0,1,1,0,0,0,0,0,0,0,0,0,0,0,1
769,-1.3302413459375508,-0.5782433844245572,-0.732236049655046,1,0,1,0,1,0,1,0,0,0,0,0,0,0,0,0,0,0,1,0,0,0,0,0,0,1
856,0.16651403627066402,-0.8482052349215378,-0.9002041757407913,0,1,0,0,1,0,0,0,0,0,0,0,0,0,0,0,1,0,0,0,0,0,1,0,0,0
497,0.16651403627066402,-0.6030756177160009,0.2755727068594259,1,0,1,0,1,0,1,0,0,0,0,0,0,0,0,0,0,1,0,0,0,0,1,0,0,0
958,-1.3302413459375508,0.2557649079780723,0.6115089590309165,1,0,1,0,1,0,1,0,0,0,1,0,0,0,1,0,0,0,0,0,0,0,0,1,0,0
723,-1.3302413459375508,-0.8850988386688254,-0.9841882387836639,0,1,0,0,1,0,0,0,1,0,0,1,0,0,0,0,0,0,1,0,0,0,0,0,0,1
558,0.16651403627066402,0.09471013777356617,0.2755727068594259,1,0,1,0,1,0,1,0,0,0,1,0,0,0,0,0,0,1,0,0,0,1,0,0,0,0
281,0.16651403627066402,-0.6069778258046564,-0.732236049655046,1,0,1,0,1,0,1,0,0,0,0,0,0,0,0,0,0,1,0,0,0,0,0,1,0,0
853,-1.3302413459375508,-0.6538043228685216,-0.22833167139781002,1,0,1,1,0,0,1,0,0,0,1,0,0,0,1,0,0,0,0,0,0,0,1,0,0,0
363,0.16651403627066402,-0.5388665573481252,-1.2361404279122818,0,0,1,0,0,1,1,0,0,0,0,0,0,0,0,0,0,1,0,0,0,1,0,0,0,0
749,0.16651403627066402,-0.09082211953250582,-0.48028386052642796,1,0,1,0,1,0,1,0,0,0,0,0,0,0,1,0,0,0,0,0,0,0,1,0,0,0
488,-1.3302413459375508,-0.662318231425588,-0.9002041757407913,1,0,1,0,0,1,0,1,0,0,0,0,0,0,1,0,0,0,0,0,0,0,1,0,0,0
843,0.16651403627066402,-0.6122990186528229,0.2755727068594259,1,0,1,0,1,0,1,0,0,0,0,0,0,1,0,0,0,0,0,0,0,0,0,1,0,0
464,0.16651403627066402,-0.4735932584106161,-0.22833167139781002,1,0,1,0,1,0,1,0,0,0,0,0,0,1,0,0,0,0,0,0,0,0,1,0,0,0
400,0.16651403627066402,-0.6428071909823109,-0.22833167139781002,1,0,1,0,1,0,1,0,0,0,0,0,0,0,0,0,0,0,1,0,0,0,1,0,0,0
229,0.16651403627066402,-0.04825257674717382,0.2755727068594259,0,0,1,1,0,0,1,0,0,0,1,0,0,0,0,0,0,1,0,0,0,1,0,0,0,0
874,-1.3302413459375508,0.10819049298892129,-0.732236049655046,0,0,1,0,1,0,1,0,0,0,1,0,0,0,0,0,0,1,0,0,0,1,0,0,0,0
155,0.16651403627066402,-0.7105637132489643,-0.732236049655046,1,1,0,0,0,1,1,0,0,0,1,0,0,0,0,0,0,1,0,0,0,1,0,0,0,0
586,0.16651403627066402,-0.17241374320439218,-0.9841882387836639,1,0,1,0,0,1,1,0,0,0,1,0,0,0,1,0,0,0,0,0,0,0,1,0,0,0
627,0.16651403627066402,-0.6555780538179105,-0.9841882387836639,1,0,1,0,1,0,0,1,0,0,0,1,0,0,1,0,0,0,0,0,0,1,0,0,0,0
199,1.663269418478879,0.35899604923250233,-0.22833167139781002,1,0,1,0,1,0,1,0,0,0,0,1,0,0,0,0,0,1,0,0,0,0,1,0,0,0
490,0.16651403627066402,-0.47926919744866037,-0.732236049655046,0,0,1,0,1,0,1,0,0,0,0,0,0,0,0,0,0,0,1,0,0,1,0,0,0,0
84,-1.3302413459375508,-0.34411089910523124,-0.9002041757407913,1,0,1,0,1,0,1,0,0,0,1,0,0,0,0,0,0,0,1,0,0,0,0,0,1,0
119,1.663269418478879,-0.32601884342146514,-0.732236049655046,1,0,1,0,1,0,0,0,1,0,0,1,0,0,1,0,0,0,0,0,0,0,1,0,0,0
633,0.16651403627066402,-0.4629508727142831,-0.9841882387836639,1,1,0,0,0,1,1,0,0,0,0,0,0,0,0,0,0,1,0,0,0,1,0,0,0,0
94,0.16651403627066402,-0.6977928504133647,-0.732236049655046,1,0,1,0,1,0,0,0,0,1,0,1,0,0,1,0,0,0,0,0,0,0,0,0,1,0
12,0.16651403627066402,-0.6094610491338007,-0.732236049655046,0,1,0,0,1,0,1,0,0,0,0,1,0,0,0,0,0,0,1,0,0,1,0,0,0,0
332,1.663269418478879,1.4626114459422344,3.2989989764028413,1,1,0,0,1,0,0,1,0,0,0,1,0,0,1,0,0,0,0,0,0,1,0,0,0,0
90,0.16651403627066402,-0.9461151833278013,-0.732236049655046,1,0,1,0,1,0,1,0,0,0,0,0,0,0,0,0,0,0,1,0,0,0,0,0,1,0
380,0.16651403627066402,-0.3806497566626412,-0.06036354531206472,1,0,1,0,1,0,0,0,0,0,1,0,0,0,0,0,0,1,0,0,0,0,1,0,0,0
825,0.16651403627066402,-0.5970449324880789,0.023620517730807936,0,0,1,0,1,0,1,0,0,0,1,0,0,0,1,0,0,0,0,0,0,1,0,0,0,0
960,0.16651403627066402,-0.5480899582849471,-1.2361404279122818,0,0,1,0,0,1,1,0,0,0,0,0,0,0,0,0,0,0,1,0,0,1,0,0,0,0
662,0.16651403627066402,-0.370362117156186,0.023620517730807936,1,0,1,0,1,0,1,0,0,0,0,0,0,0,0,0,0,1,0,0,0,0,0,1,0,0
659,0.16651403627066402,1.0911921851402129,-0.22833167139781002,1,0,1,0,1,0,1,0,0,0,0,1,0,0,0,0,0,1,0,0,0,0,0,1,0,0
581,-1.3302413459375508,-0.05712123149411799,-0.732236049655046,1,0,1,0,1,0,1,0,0,0,0,1,0,0,1,0,0,0,0,0,0,0,0,1,0,0
858,0.16651403627066402,0.2390918370538172,-0.48028386052642796,1,1,0,0,1,0,1,0,0,0,1,0,0,0,1,0,0,0,0,0,0,1,0,0,0,0
179,0.16651403627066402,-0.9627882542520564,0.023620517730807936,1,0,1,0,1,0,1,0,0,0,1,0,0,0,1,0,0,0,0,0,0,0,0,0,0,1
500,0.16651403627066402,-0.05747597768399575,0.2755727068594259,1,1,0,0,1,0,1,0,0,0,1,0,0,0,1,0,0,0,0,0,0,1,0,0,0,0
721,0.16651403627066402,-1.0117432284551882,-1.2361404279122818,1,1,0,0,0,1,0,0,0,1,0,1,0,0,0,0,1,0,0,0,0,1,0,0,0,0
717,1.663269418478879,-0.6314553129062223,-0.22833167139781002,1,0,1,1,0,0,1,0,0,0,0,0,0,0,0,0,0,0,1,0,0,0,1,0,0,0
197,0.16651403627066402,-0.827984702098505,-0.732236049655046,1,1,0,0,0,1,0,1,0,0,0,1,0,0,0,0,0,1,0,0,0,1,0,0,0,0
429,-2.8269967281457657,-0.7432003627177188,-0.22833167139781002,1,1,0,1,0,0,1,0,0,0,1,0,0,0,0,0,0,0,0,1,0,0,0,0,1,0
782,-1.3302413459375508,-0.6651562009446101,-0.732236049655046,1,0,1,0,1,0,1,0,0,0,0,1,0,0,0,0,1,0,0,0,0,0,1,0,0,0
674,-1.3302413459375508,-0.25010315878762307,0.023620517730807936,1,0,1,0,1,0,0,0,1,0,0,0,0,1,0,0,0,0,0,0,0,0,0,1,0,0
546,0.16651403627066402,-0.4480515327394169,0.2755727068594259,0,1,0,0,1,0,1,0,0,0,0,0,0,0,1,0,0,0,0,0,0,0,1,0,0,0
742,0.16651403627066402,-0.04435036865851839,0.023620517730807936,1,0,1,0,1,0,0,0,0,0,0,0,0,0,0,0,0,0,1,0,0,0,0,1,0,0
880,1.663269418478879,1.6066383990326076,0.2755727068594259,1,0,1,0,1,0,1,0,0,0,0,0,0,0,1,0,0,0,0,0,0,0,1,0,0,0
712,1.663269418478879,-0.2869967625349108,0.023620517730807936,1,0,1,0,1,0,0,0,0,0,0,0,0,0,1,0,0,0,0,0,0,0,0,1,0,0
103,0.16651403627066402,-0.4845903902968269,-0.9841882387836639,1,0,1,0,0,1,1,0,0,0,0,1,0,0,0,0,0,1,0,0,0,0,1,0,0,0
368,0.16651403627066402,0.05710704164652289,1.2833814633738978,1,0,1,0,1,0,1,0,0,0,1,0,0,0,0,0,0,1,0,0,0,0,0,1,0,0
206,0.16651403627066402,-0.4789144512587826,-0.732236049655046,1,0,1,0,1,0,1,0,0,0,0,0,0,0,0,0,0,1,0,0,0,0,0,1,0,0
407,0.16651403627066402,-0.7918005907309729,-0.48028386052642796,0,0,1,0,1,0,1,0,0,0,1,0,0,0,0,0,0,0,1,0,0,1,0,0,0,0
233,-1.3302413459375508,-0.8581381282381152,-0.22833167139781002,0,0,1,0,1,0,1,0,0,0,0,1,0,0,0,0,0,0,1,0,0,1,0,0,0,0
162,0.16651403627066402,-0.7176586370465196,-0.48028386052642796,1,0,1,0,1,0,0,0,1,0,0,0,0,0,0,1,0,0,0,0,0,0,1,0,0,0
813,0.16651403627066402,-0.08301770335519496,2.2911902198883696,1,0,1,0,1,0,1,0,0,0,1,0,0,0,0,1,0,0,0,0,0,0,0,0,1,0
789,0.16651403627066402,0.9624193182145835,1.6193177155453884,1,0,1,0,1,0,1,0,0,0,1,0,0,0,0,0,1,0,0,0,0,1,0,0,0,0
282,-1.3302413459375508,-0.6527400842988883,-0.22833167139781002,1,0,1,0,1,0,0,0,0,0,0,0,1,0,0,0,0,0,1,0,0,0,0,1,0,0
994,0.16651403627066402,-0.31750493486439874,-0.732236049655046,1,0,1,0,1,0,0,0,0,0,0,0,0,0,1,0,0,0,0,0,0,0,0,1,0,0
79,0.16651403627066402,0.19403907093934084,0.7794770851166618,0,0,1,0,1,0,1,0,0,0,0,1,0,0,0,0,0,1,0,0,0,1,0,0,0,0
302,-1.3302413459375508,-0.6885694494765427,0.2755727068594259,1,0,1,0,1,0,0,0,0,0,0,0,1,0,1,0,0,0,0,0,0,0,1,0,0,0
165,0.16651403627066402,-0.10891417521627193,-1.2361404279122818,1,0,1,0,1,0,0,0,1,0,0,0,0,0,0,0,0,1,0,0,0,0,1,0,0,0
224,0.16651403627066402,0.4867046775884984,-0.48028386052642796,0,0,1,0,1,0,1,0,0,0,0,0,0,0,1,0,0,0,0,0,0,1,0,0,0,0
98,0.16651403627066402,-0.33630648292792037,1.2833814633738978,1,0,1,0,1,0,1,0,0,0,0,1,0,0,0,0,0,0,1,0,0,0,1,0,0,0
393,0.16651403627066402,-0.47111003508147176,-1.2361404279122818,0,1,0,0,1,0,1,0,0,0,1,0,0,0,0,0,0,0,1,0,0,0,1,0,0,0
737,-1.3302413459375508,0.388439982992357,-0.22833167139781002,1,0,1,0,1,0,0,1,0,0,1,0,0,0,1,0,0,0,0,0,0,0,1,0,0,0
448,1.663269418478879,-0.6601897542863214,-0.732236049655046,0,1,0,0,1,0,0,0,0,0,0,0,1,0,0,0,0,1,0,0,0,0,0,0,1,0
855,0.16651403627066402,-0.642452444792433,0.2755727068594259,1,0,1,0,1,0,0,1,0,0,0,0,0,0,1,0,0,0,0,0,0,0,1,0,0,0
413,-1.3302413459375508,-0.5988186634374677,-0.9002041757407913,1,0,1,0,0,1,0,0,1,0,0,0,0,0,1,0,0,0,0,0,0,0,1,0,0,0
109,0.16651403627066402,-0.6651562009446101,-0.5642679235693007,1,0,1,0,1,0,0,0,1,0,0,1,0,1,0,0,0,0,0,0,0,0,1,0,0,0
171,0.16651403627066402,-0.8946769857955252,-0.732236049655046,0,1,0,0,1,0,1,0,0,0,0,0,0,0,0,0,0,1,0,0,0,1,0,0,0,0
521,0.16651403627066402,-0.033707982962185384,-0.22833167139781002,1,1,0,0,1,0,1,0,0,0,1,0,0,0,0,0,0,0,1,0,0,1,0,0,0,0
117,0.16651403627066402,-0.40902945185286255,-0.9002041757407913,0,1,0,0,0,1,0,0,0,0,1,0,0,0,0,0,0,1,0,0,0,1,0,0,0,0
980,0.16651403627066402,1.8095532196426902,0.7794770851166618,1,0,1,0,1,0,1,0,0,0,0,1,0,0,0,0,0,1,0,0,0,0,0,1,0,0
106,1.663269418478879,1.1256025655583561,-0.22833167139781002,1,0,1,0,1,0,1,0,0,0,0,0,0,0,1,0,0,0,0,0,0,0,1,0,0,0
376,0.16651403627066402,-0.3423371681558424,-0.22833167139781002,1,0,1,0,1,0,1,0,0,0,0,0,0,0,0,0,0,0,1,0,0,0,1,0,0,0
775,0.16651403627066402,-0.6789913023498431,0.2755727068594259,1,1,0,0,0,1,0,0,0,0,1,0,0,0,1,0,0,0,0,0,0,1,0,0,0,0
532,0.16651403627066402,-0.6321648052859778,-0.732236049655046,1,0,1,0,0,1,1,0,0,0,0,0,0,0,1,0,0,0,0,0,0,0,0,1,0,0
11,0.16651403627066402,0.36289825732115777,2.2911902198883696,1,1,0,0,0,1,1,0,0,0,1,0,0,1,0,0,0,0,0,0,0,1,0,0,0,0
145,0.16651403627066402,0.0996765844318549,2.2911902198883696,0,0,1,0,1,0,0,1,0,0,0,1,0,1,0,0,0,0,0,0,0,1,0,0,0,0
612,0.16651403627066402,0.025534630747401654,0.023620517730807936,0,1,0,0,1,0,0,0,0,1,1,0,0,0,0,0,0,0,1,0,0,1,0,0,0,0
325,-1.3302413459375508,0.04007922453239009,-1.0681723018265366,1,0,1,0,1,0,1,0,0,0,1,0,0,0,1,0,0,0,0,0,0,0,1,0,0,0
444,1.663269418478879,0.642438254944838,2.2911902198883696,1,1,0,0,1,0,1,0,0,0,0,1,0,0,0,0,0,1,0,0,0,1,0,0,0,0
149,0.16651403627066402,-0.6041398562856343,-0.22833167139781002,1,0,1,0,1,0,0,0,0,1,0,0,0,0,0,0,0,0,1,0,0,0,0,1,0,0
74,1.663269418478879,-0.4640151112839164,1.2833814633738978,1,0,1,0,1,0,0,0,0,0,1,0,0,0,0,0,1,0,0,0,0,0,1,0,0,0
33,-1.3302413459375508,-0.7169491446667641,-0.732236049655046,1,0,1,0,0,1,0,0,0,0,0,0,0,1,0,0,0,0,0,0,0,0,0,0,1,0
451,0.16651403627066402,-0.981589802315578,-1.2361404279122818,0,1,0,0,1,0,1,0,0,0,0,0,0,0,0,0,0,0,1,0,0,1,0,0,0,0
565,0.16651403627066402,-0.6144274957920894,0.2755727068594259,0,1,0,0,0,1,0,1,0,0,0,1,0,0,0,0,0,0,1,0,0,1,0,0,0,0
772,1.663269418478879,-0.003554556822575216,0.023620517730807936,1,0,1,0,1,0,1,0,0,0,0,0,0,0,1,0,0,0,0,0,0,0,1,0,0,0
912,0.16651403627066402,-0.10430247474786096,0.7794770851166618,0,1,0,0,1,0,0,0,0,0,0,1,0,0,0,0,0,0,1,0,0,1,0,0,0,0
936,-1.3302413459375508,-0.901062417213325,-0.9841882387836639,1,1,0,0,1,0,1,0,0,0,0,0,1,0,0,0,0,0,1,0,0,1,0,0,0,0
250,-1.3302413459375508,-0.9290873662136686,-1.2361404279122818,0,1,0,0,1,0,0,0,0,1,1,0,0,0,1,0,0,0,0,0,0,0,1,0,0,0
710,1.663269418478879,-0.9422129752391459,-0.22833167139781002,1,0,1,0,1,0,0,0,1,0,0,0,0,0,0,0,0,0,1,0,0,0,1,0,0,0
88,1.663269418478879,-0.36752414763716384,-0.22833167139781002,0,0,1,0,1,0,0,1,0,0,1,0,0,0,1,0,0,0,0,0,0,1,0,0,0,0
214,0.16651403627066402,0.020213437899235152,1.2833814633738978,1,0,1,0,1,0,0,0,0,0,0,0,0,0,0,0,0,0,1,0,0,0,0,0,1,0
922,0.16651403627066402,-0.6807650332992319,-0.9841882387836639,1,1,0,0,0,1,1,0,0,0,1,0,0,0,0,0,0,0,1,0,0,1,0,0,0,0
142,1.663269418478879,0.04646465595018989,0.5275248959880439,0,0,1,0,1,0,1,0,0,0,1,0,0,0,0,0,0,0,1,0,0,1,0,0,0,0
887,0.16651403627066402,4.394233959092099,2.2911902198883696,1,0,1,0,1,0,1,0,0,0,0,1,0,1,0,0,0,0,0,0,0,1,0,0,0,0
209,0.16651403627066402,-0.6640919623749768,-0.732236049655046,1,0,1,0,1,0,0,0,0,1,0,0,0,0,1,0,0,0,0,0,0,0,0,0,1,0
392,1.663269418478879,-0.01277795775939715,1.2833814633738978,1,0,1,1,0,0,1,0,0,0,1,0,0,0,1,0,0,0,0,0,0,0,1,0,0,0
310,-2.8269967281457657,0.7435409190600015,2.2911902198883696,1,0,1,1,0,0,0,0,0,0,0,1,0,0,0,0,0,0,0,0,1,0,1,0,0,0
711,0.16651403627066402,-0.7403623931986967,-1.2361404279122818,1,1,0,1,0,0,1,0,0,0,1,0,0,0,0,0,1,0,0,0,0,0,1,0,0,0
572,1.663269418478879,0.7619877209336453,0.2755727068594259,0,1,0,0,0,1,0,0,0,0,0,0,0,0,1,0,0,0,0,0,0,1,0,0,0,0
888,1.663269418478879,1.1809429711792878,1.2833814633738978,1,0,1,0,1,0,1,0,0,0,0,0,0,0,1,0,0,0,0,0,0,0,1,0,0,0
849,-1.3302413459375508,-0.9138332800489246,-0.732236049655046,1,0,1,0,1,0,1,0,0,0,1,0,0,0,0,0,0,0,1,0,0,0,0,0,1,0
935,1.663269418478879,-0.4845903902968269,0.7794770851166618,1,0,1,0,1,0,0,1,0,0,0,1,0,0,0,0,0,0,1,0,0,1,0,0,0,0
286,0.16651403627066402,0.5331764284624858,2.2911902198883696,0,0,1,0,1,0,1,0,0,0,1,0,0,0,1,0,0,0,0,0,0,1,0,0,0,0
580,0.16651403627066402,-0.7907363521613395,-0.22833167139781002,1,0,1,0,1,0,1,0,0,0,0,1,0,0,1,0,0,0,0,0,0,1,0,0,0,0
811,-1.3302413459375508,-0.9936511727714221,-1.2361404279122818,0,0,1,0,1,0,1,0,0,0,0,1,0,0,0,0,0,0,1,0,0,1,0,0,0,0
348,-1.3302413459375508,-0.5470257197153138,-1.2361404279122818,1,0,1,0,1,0,0,1,0,0,0,0,0,1,0,0,0,0,0,0,0,0,1,0,0,0
875,0.16651403627066402,-0.6963738656538536,-0.8162201126979186,0,1,0,0,1,0,0,0,0,1,0,1,0,0,1,0,0,0,0,0,0,0,1,0,0,0
773,0.16651403627066402,-0.3767475485739858,0.2755727068594259,1,0,1,0,1,0,0,1,0,0,0,0,0,0,0,0,0,0,1,0,0,0,0,0,1,0
278,0.16651403627066402,0.4703863528541211,-1.2361404279122818,1,1,0,0,1,0,1,0,0,0,0,0,0,0,0,0,0,1,0,0,0,0,1,0,0,0
457,0.16651403627066402,0.03582227025385689,-0.732236049655046,1,0,1,1,0,0,1,0,0,0,1,0,0,0,1,0,0,0,0,0,0,0,1,0,0,0
862,0.16651403627066402,-0.3001223715603882,0.2755727068594259,1,1,0,0,1,0,1,0,0,0,1,0,0,0,0,0,0,0,1,0,0,0,1,0,0,0
877,0.16651403627066402,0.10996422393831014,1.2833814633738978,0,0,1,0,1,0,1,0,0,0,0,0,0,0,0,0,0,0,1,0,0,1,0,0,0,0
959,0.16651403627066402,-0.07663227193739516,0.2755727068594259,0,0,1,1,0,0,0,1,0,0,0,1,0,0,0,0,0,1,0,0,0,1,0,0,0,0
395,0.16651403627066402,3.006466864290275,1.5353336525025156,1,0,1,0,0,1,0,1,0,0,0,1,0,0,0,0,1,0,0,0,0,0,1,0,0,0
701,0.16651403627066402,1.0805497994438797,2.2911902198883696,1,0,1,1,0,0,1,0,0,0,1,0,0,0,1,0,0,0,0,0,0,0,0,1,0,0
625,0.16651403627066402,-0.4633056189041609,-0.48028386052642796,1,0,1,0,1,0,0,0,0,0,0,0,0,0,0,0,0,0,1,0,0,0,1,0,0,0
768,0.16651403627066402,0.11776864011562099,-0.732236049655046,0,0,1,0,0,1,1,0,0,0,0,1,0,0,0,0,0,1,0,0,0,1,0,0,0,0
251,-1.3302413459375508,-0.3668146552574083,-0.732236049655046,0,1,0,0,1,0,1,0,0,0,0,0,1,0,0,0,0,1,0,0,0,0,0,1,0,0
969,-1.3302413459375508,0.23199691325626187,-0.8162201126979186,1,0,1,0,1,0,1,0,0,0,1,0,0,0,1,0,0,0,0,0,0,0,1,0,0,0
347,-2.8269967281457657,0.1677878528883861,0.2755727068594259,0,1,0,0,0,1,0,0,1,0,0,1,0,0,0,0,0,0,1,0,0,1,0,0,0,0
416,-1.3302413459375508,-0.25045790497750087,-0.732236049655046,1,0,1,0,1,0,1,0,0,0,1,0,0,0,1,0,0,0,0,0,0,0,1,0,0,0
986,0.16651403627066402,1.0656504594690137,1.7872858416311337,1,0,1,0,1,0,1,0,0,0,0,0,1,1,0,0,0,0,0,0,0,0,1,0,0,0
172,1.663269418478879,-0.4331521927645507,0.2755727068594259,1,1,0,0,1,0,1,0,0,0,0,1,0,0,0,0,0,1,0,0,0,0,1,0,0,0
0,0.16651403627066402,-0.750650032705152,-1.2361404279122818,1,0,1,0,1,0,0,0,0,0,1,0,0,0,0,0,0,0,1,0,0,0,0,0,0,1
386,0.16651403627066402,-0.7659041188698958,-0.22833167139781002,0,1,0,0,0,1,0,0,0,0,0,0,0,0,0,0,0,0,1,0,0,1,0,0,0,0
804,-2.8269967281457657,1.4853152020944116,-0.732236049655046,0,1,0,0,0,1,0,0,0,0,0,1,0,0,1,0,0,0,0,0,0,1,0,0,0,0
797,-1.3302413459375508,-0.7190776218060306,-0.732236049655046,0,1,0,0,0,1,1,0,0,0,0,0,0,0,0,0,0,1,0,0,0,1,0,0,0,0
982,1.663269418478879,-0.1284252156595491,0.023620517730807936,0,1,0,0,1,0,0,1,0,0,0,0,1,0,1,0,0,0,0,0,0,1,0,0,0,0
932,0.16651403627066402,-0.7311389922618747,-0.9841882387836639,0,0,1,0,1,0,1,0,0,0,0,0,0,0,1,0,0,0,0,0,0,1,0,0,0,0
904,1.663269418478879,-0.7119826980084754,0.2755727068594259,1,0,1,0,1,0,1,0,0,0,0,0,0,0,0,0,0,0,1,0,0,0,1,0,0,0
597,-1.3302413459375508,0.3391302625993474,0.2755727068594259,1,0,1,0,1,0,1,0,0,0,0,1,0,1,0,0,0,0,0,0,0,0,1,0,0,0
578,0.16651403627066402,-0.16496407321695908,1.2833814633738978,1,0,1,0,1,0,1,0,0,0,0,1,0,0,1,0,0,0,0,0,0,1,0,0,0,0
541,0.16651403627066402,-0.44450407084063925,0.2755727068594259,1,0,1,1,0,0,1,0,0,0,0,0,0,0,1,0,0,0,0,0,0,0,0,0,1,0
542,0.16651403627066402,1.0872899770515574,0.7794770851166618,1,0,1,0,1,0,0,0,0,0,1,0,0,0,0,0,0,1,0,0,0,0,1,0,0,0
579,-1.3302413459375508,-0.8329511487567938,0.2755727068594259,0,0,1,0,1,0,1,0,0,0,0,0,0,0,0,0,1,0,0,0,0,1,0,0,0,0
72,1.663269418478879,-0.7524237636545408,-1.0681723018265366,1,0,1,1,0,0,1,0,0,0,1,0,0,0,0,0,0,0,0,0,1,0,0,0,1,0
354,0.16651403627066402,-0.9074478486311248,-0.9002041757407913,1,0,1,1,0,0,0,0,1,0,0,0,0,0,0,0,1,0,0,0,0,0,0,1,0,0
548,-1.3302413459375508,-0.9432772138087793,-0.732236049655046,1,1,0,0,1,0,1,0,0,0,1,0,0,0,0,0,0,0,1,0,0,1,0,0,0,0
502,0.16651403627066402,-0.7659041188698958,-0.9841882387836639,1,0,1,0,1,0,0,1,0,0,0,0,1,0,0,0,0,0,1,0,0,0,0,1,0,0
258,0.16651403627066402,0.1869441471417855,-0.48028386052642796,0,1,0,0,1,0,0,1,0,0,0,0,0,0,1,0,0,0,0,0,0,1,0,0,0,0
588,-1.3302413459375508,-0.7336222155910191,-0.22833167139781002,1,0,1,0,1,0,1,0,0,0,1,0,0,0,0,1,0,0,0,0,0,0,0,1,0,0
805,0.16651403627066402,2.123503597684514,1.2833814633738978,1,0,1,0,1,0,1,0,0,0,1,0,0,0,1,0,0,0,0,0,0,1,0,0,0,0
691,-1.3302413459375508,-0.23201110310385697,-0.48028386052642796,0,1,0,0,1,0,0,1,0,0,0,1,0,0,0,0,0,0,0,1,0,1,0,0,0,0
916,0.16651403627066402,-0.1550311799003816,-0.9002041757407913,1,0,1,0,1,0,0,1,0,0,0,0,0,0,1,0,0,0,0,0,0,0,1,0,0,0
669,0.16651403627066402,-0.09507907381103903,0.7794770851166618,1,0,1,0,1,0,1,0,0,0,0,0,1,0,0,0,0,0,1,0,0,0,0,1,0,0
616,1.663269418478879,2.0830625320384484,3.2989989764028413,0,0,1,1,0,0,0,0,0,0,0,1,0,0,0,0,0,0,1,0,0,1,0,0,0,0
576,0.16651403627066402,-0.12594199233040473,-0.732236049655046,0,1,0,0,1,0,1,0,0,0,0,1,0,0,0,0,0,0,1,0,0,1,0,0,0,0
847,0.16651403627066402,-0.7222703375149305,0.2755727068594259,0,0,1,0,1,0,1,0,0,0,0,0,0,0,1,0,0,0,0,0,0,1,0,0,0,0
217,0.16651403627066402,0.22277351231943995,1.2833814633738978,0,0,1,0,1,0,1,0,0,0,0,0,1,0,0,0,0,0,1,0,0,1,0,0,0,0
227,1.663269418478879,1.624730454716374,-0.732236049655046,1,0,1,1,0,0,1,0,0,0,1,0,0,0,0,0,0,1,0,0,0,0,0,0,1,0
667,0.16651403627066402,0.11493067059659887,2.2911902198883696,0,1,0,0,1,0,1,0,0,0,0,0,0,1,0,0,0,0,0,0,0,1,0,0,0,0
456,0.16651403627066402,0.2199355428004178,-0.8162201126979186,1,0,1,0,0,1,1,0,0,0,1,0,0,0,1,0,0,0,0,0,0,0,1,0,0,0
374,1.663269418478879,4.078509850100886,3.2989989764028413,1,1,0,1,0,0,0,1,0,0,0,1,0,0,0,0,0,0,0,0,1,0,0,0,1,0
418,1.663269418478879,-0.1784444284323142,0.023620517730807936,0,1,0,0,1,0,0,0,1,0,0,0,0,0,1,0,0,0,0,0,0,0,1,0,0,0
91,0.16651403627066402,-0.6655109471344879,-0.732236049655046,1,0,1,0,1,0,1,0,0,0,1,0,0,0,1,0,0,0,0,0,0,0,0,0,1,0
414,0.16651403627066402,-0.6754438404510653,0.2755727068594259,1,1,0,0,1,0,0,0,0,0,1,0,0,0,1,0,0,0,0,0,0,0,1,0,0,0
819,0.16651403627066402,-0.688214703286665,-0.22833167139781002,1,0,1,0,1,0,1,0,0,0,1,0,0,0,0,0,0,0,1,0,0,1,0,0,0,0
534,0.16651403627066402,-0.06386140910179555,0.2755727068594259,0,0,1,0,1,0,0,0,0,0,0,0,0,0,0,0,0,0,1,0,0,1,0,0,0,0
556,0.16651403627066402,-0.3572365081307086,-0.22833167139781002,1,1,0,0,1,0,0,1,0,0,0,1,0,0,1,0,0,0,0,0,0,1,0,0,0,0
999,0.16651403627066402,0.4579702362083993,2.0392380307597517,0,0,1,0,1,0,0,1,0,0,0,1,0,0,1,0,0,0,0,0,0,1,0,0,0,0
560,0.16651403627066402,-0.11388062187456066,0.2755727068594259,1,0,1,1,0,0,0,0,0,0,1,0,0,0,1,0,0,0,0,0,0,0,0,1,0,0
664,-1.3302413459375508,-0.7939290678702394,-1.2361404279122818,0,1,0,0,1,0,1,0,0,0,0,0,1,0,0,0,1,0,0,0,0,0,0,1,0,0
974,0.16651403627066402,-0.16106186512830364,0.7794770851166618,0,1,0,0,1,0,1,0,0,0,0,0,0,0,0,0,0,0,1,0,0,0,1,0,0,0
738,1.663269418478879,1.2330906610913195,-1.2361404279122818,1,0,1,0,1,0,1,0,0,0,0,0,0,0,1,0,0,0,0,0,0,0,0,1,0,0
453,1.663269418478879,-0.21817600169862408,0.2755727068594259,1,0,1,0,1,0,1,0,0,0,0,0,0,0,1,0,0,0,0,0,0,0,1,0,0,0
379,-1.3302413459375508,-1.0369302079365097,-1.2361404279122818,0,1,0,0,1,0,0,1,0,0,0,0,0,0,1,0,0,0,0,0,0,0,0,0,1,0
777,0.16651403627066402,0.0794560516088222,-0.22833167139781002,0,1,0,0,1,0,1,0,0,0,1,0,0,0,0,0,0,0,1,0,0,1,0,0,0,0
238,0.16651403627066402,-0.7073709975400644,-0.732236049655046,0,1,0,0,1,0,1,0,0,0,0,0,0,0,0,0,0,0,1,0,0,0,1,0,0,0
219,0.16651403627066402,-0.6814745256789874,-0.9002041757407913,0,1,0,0,1,0,1,0,0,0,0,0,0,0,1,0,0,0,0,0,0,0,0,0,0,1
826,0.16651403627066402,0.2415750603829616,-0.22833167139781002,1,1,0,0,0,1,1,0,0,0,1,0,0,0,1,0,0,0,0,0,0,0,1,0,0,0
23,0.16651403627066402,-0.5253862021327701,-0.732236049655046,1,0,1,0,1,0,0,1,0,0,0,1,0,0,1,0,0,0,0,0,0,0,0,1,0,0
665,1.663269418478879,1.0745191142159578,0.2755727068594259,0,0,1,0,1,0,1,0,0,0,0,0,0,0,0,0,0,0,0,0,1,1,0,0,0,0
291,1.663269418478879,2.16855636379899,1.2833814633738978,1,0,1,0,0,1,1,0,0,0,0,1,0,0,1,0,0,0,0,0,0,1,0,0,0,0
594,1.663269418478879,-0.683603002818254,0.2755727068594259,1,0,1,0,1,0,0,0,0,0,1,0,0,0,0,0,0,0,0,0,1,0,1,0,0,0
688,0.16651403627066402,-0.18873206793876943,-0.9841882387836639,1,0,1,0,1,0,0,1,0,0,0,0,0,0,0,0,0,0,1,0,0,0,1,0,0,0
125,0.16651403627066402,-0.412931659941518,-0.732236049655046,0,0,1,0,1,0,1,0,0,0,1,0,0,0,1,0,0,0,0,0,0,1,0,0,0,0
78,-1.3302413459375508,2.1820367190143455,2.7950945981456057,1,0,1,0,1,0,0,0,0,0,0,0,0,0,1,0,0,0,0,0,0,0,1,0,0,0
671,0.16651403627066402,0.8716042936058752,1.2833814633738978,1,0,1,0,1,0,0,1,0,0,0,0,0,1,0,0,0,0,0,0,0,0,1,0,0,0
902,0.16651403627066402,2.5513275026771005,1.2833814633738978,1,0,1,1,0,0,0,0,0,0,0,0,0,0,1,0,0,0,0,0,0,0,0,1,0,0
274,-1.3302413459375508,3.0908964574811835,0.7794770851166618,1,0,1,0,1,0,1,0,0,0,1,0,0,0,0,0,0,0,0,1,0,0,1,0,0,0
320,1.663269418478879,0.3419682321183696,0.7794770851166618,1,0,1,0,1,0,1,0,0,0,0,1,0,0,1,0,0,0,0,0,0,1,0,0,0,0
503,0.16651403627066402,-0.7339769617808969,0.2755727068594259,1,0,1,0,1,0,0,1,0,0,0,1,0,0,0,0,0,0,1,0,0,0,1,0,0,0
788,0.16651403627066402,1.0425919571269588,2.2911902198883696,1,0,1,1,0,0,1,0,0,0,0,1,0,0,0,0,1,0,0,0,0,0,0,1,0,0
369,0.16651403627066402,-0.1007550128490833,-0.22833167139781002,0,1,0,0,0,1,1,0,0,0,0,1,0,0,0,0,0,1,0,0,0,0,1,0,0,0
112,-1.3302413459375508,1.0553628199625584,-0.22833167139781002,0,0,1,0,0,1,1,0,0,0,0,1,0,0,1,0,0,0,0,0,0,1,0,0,0,0
157,-1.3302413459375508,-1.0450893703036983,-0.732236049655046,1,0,1,0,1,0,1,0,0,0,1,0,0,0,0,0,1,0,0,0,0,0,0,1,0,0
430,-1.3302413459375508,0.05781653402627843,-1.3201244909551546,1,0,1,0,1,0,1,0,0,0,0,0,0,1,0,0,0,0,0,0,0,0,0,0,0,1
734,0.16651403627066402,0.03369379311459029,-1.4041085539980271,0,1,0,0,1,0,1,0,0,0,0,0,0,0,1,0,0,0,0,0,0,0,1,0,0,0
766,-1.3302413459375508,-0.06279717053216226,0.7794770851166618,1,0,1,0,1,0,1,0,0,0,1,0,0,0,0,0,0,1,0,0,0,0,1,0,0,0
601,0.16651403627066402,-0.8396913263644713,-0.9841882387836639,1,1,0,0,1,0,1,0,0,0,0,1,0,0,0,0,0,1,0,0,0,1,0,0,0,0
408,1.663269418478879,-0.017744404417685884,0.2755727068594259,0,0,1,0,1,0,0,0,1,0,0,0,0,0,0,0,0,0,1,0,0,1,0,0,0,0
854,0.16651403627066402,2.6925164862484516,1.2833814633738978,1,0,1,0,1,0,1,0,0,0,0,0,0,0,1,0,0,0,0,0,0,0,0,1,0,0
757,0.16651403627066402,-0.7144659213376197,-0.48028386052642796,1,0,1,1,0,0,0,0,0,0,0,0,1,0,0,0,0,0,1,0,0,0,1,0,0,0
573,-1.3302413459375508,-0.8794228996307812,-0.48028386052642796,0,1,0,0,1,0,1,0,0,0,1,0,0,1,0,0,0,0,0,0,0,1,0,0,0,0
771,1.663269418478879,1.695679692691927,1.2833814633738978,1,1,0,0,1,0,1,0,0,0,1,0,0,0,0,0,1,0,0,0,0,1,0,0,0,0
608,0.16651403627066402,-0.43776389323296167,-0.22833167139781002,1,0,1,0,1,0,1,0,0,0,0,0,0,0,0,0,0,0,1,0,0,0,1,0,0,0
683,0.16651403627066402,0.6449214782739824,0.2755727068594259,1,0,1,1,0,0,1,0,0,0,0,0,0,0,0,0,0,0,1,0,0,0,0,1,0,0
87,0.16651403627066402,3.3087106180661325,1.2833814633738978,1,0,1,1,0,0,0,1,0,0,0,1,0,0,0,0,1,0,0,0,0,0,0,1,0,0
364,-2.8269967281457657,-0.28806100110454413,-0.22833167139781002,1,0,1,0,1,0,1,0,0,0,1,0,0,0,0,0,0,1,0,0,0,1,0,0,0,0
478,-1.3302413459375508,-0.7974765297690171,-0.732236049655046,1,0,1,0,1,0,0,1,0,0,0,1,0,1,0,0,0,0,0,0,0,0,1,0,0,0
26,-1.3302413459375508,-1.0142264517843325,-1.2361404279122818,1,0,1,0,1,0,1,0,0,0,0,0,0,0,0,0,0,0,1,0,0,0,1,0,0,0
905,1.663269418478879,-0.7726442964775735,-0.732236049655046,0,0,1,0,0,1,1,0,0,0,1,0,0,0,0,0,0,0,1,0,0,1,0,0,0,0
621,0.16651403627066402,-0.6225866581592782,-0.22833167139781002,1,0,1,0,1,0,1,0,0,0,0,0,0,0,1,0,0,0,0,0,0,0,1,0,0,0
793,0.16651403627066402,-0.13942234754575986,0.2755727068594259,1,0,1,1,0,0,1,0,0,0,0,0,1,0,0,0,0,1,0,0,0,0,0,0,1,0
679,0.16651403627066402,-0.6499021147798661,-0.22833167139781002,0,1,0,0,1,0,1,0,0,0,0,0,0,0,0,0,0,0,1,0,0,1,0,0,0,0
527,-1.3302413459375508,-0.6321648052859778,-1.4041085539980271,1,0,1,0,1,0,1,0,0,0,0,0,0,0,0,0,0,0,1,0,0,0,0,1,0,0
475,0.16651403627066402,-0.060668693392895656,-0.22833167139781002,1,1,0,0,0,1,1,0,0,0,1,0,0,0,0,0,0,1,0,0,0,1,0,0,0,0
420,0.16651403627066402,-0.035126967721696455,-0.48028386052642796,0,1,0,0,0,1,0,0,0,1,0,0,0,0,1,0,0,0,0,0,0,1,0,0,0,0
893,0.16651403627066402,0.8921795726187858,1.2833814633738978,1,0,1,0,1,0,1,0,0,0,0,1,0,0,1,0,0,0,0,0,0,0,1,0,0,0
976,0.16651403627066402,-0.8982244476943029,-1.2361404279122818,0,1,0,0,1,0,1,0,0,0,0,1,0,0,0,0,0,0,1,0,0,0,0,0,0,1
287,1.663269418478879,1.5243372829809658,2.2911902198883696,1,0,1,1,0,0,0,1,0,0,0,1,0,0,0,0,0,0,0,0,1,0,1,0,0,0
38,0.16651403627066402,-0.730784246071997,-0.9002041757407913,1,0,1,0,1,0,1,0,0,0,0,0,1,0,0,1,0,0,0,0,0,0,1,0,0,0
99,1.663269418478879,1.3380955332951385,-0.06036354531206472,1,0,1,0,0,1,0,0,0,0,0,1,0,0,1,0,0,0,0,0,0,0,1,0,0,0
824,1.663269418478879,0.17559226906569697,-0.22833167139781002,1,0,1,0,1,0,1,0,0,0,0,0,0,0,0,0,0,1,0,0,0,0,1,0,0,0
177,0.16651403627066402,-1.045444116493576,-1.2361404279122818,1,0,1,0,1,0,0,0,1,0,1,0,0,0,0,0,0,0,1,0,0,0,0,0,1,0
519,0.16651403627066402,-0.9170259957578245,-1.2361404279122818,1,0,1,1,0,0,0,0,0,0,0,0,0,0,0,0,0,0,1,0,0,0,1,0,0,0
615,1.663269418478879,3.1639741725960038,2.2911902198883696,1,0,1,0,1,0,0,0,0,0,0,1,0,1,0,0,0,0,0,0,0,0,0,1,0,0
971,-1.3302413459375508,1.457290253094068,0.2755727068594259,1,0,1,0,1,0,1,0,0,0,0,0,0,0,1,0,0,0,0,0,0,0,0,1,0,0
718,0.16651403627066402,-0.04860732293705159,0.2755727068594259,1,0,1,0,1,0,0,0,0,0,0,0,1,0,0,0,0,0,1,0,0,0,1,0,0,0
275,0.16651403627066402,-0.20859785457192437,-0.9841882387836639,1,0,1,0,1,0,1,0,0,0,0,0,0,0,0,0,0,0,1,0,0,0,1,0,0,0
147,0.16651403627066402,-0.9234114271756243,-0.732236049655046,0,1,0,0,1,0,0,1,0,0,0,0,0,0,1,0,0,0,0,0,0,0,0,0,1,0
104,0.16651403627066402,-0.29799389442112156,-0.732236049655046,0,0,1,0,0,1,0,0,0,0,0,0,0,0,1,0,0,0,0,0,0,1,0,0,0,0
450,1.663269418478879,2.756016054236572,1.2833814633738978,0,0,1,0,1,0,0,0,0,0,0,0,0,0,1,0,0,0,0,0,0,1,0,0,0,0
995,-1.3302413459375508,-0.5495089430444582,-0.732236049655046,0,1,0,0,1,0,1,0,0,0,0,0,0,0,0,0,0,1,0,0,0,0,1,0,0,0
434,0.16651403627066402,-0.4076104670933515,-0.9841882387836639,0,0,1,0,1,0,1,0,0,0,1,0,0,0,0,0,0,1,0,0,0,1,0,0,0,0
81,0.16651403627066402,-0.7350412003505302,-0.48028386052642796,1,0,1,0,1,0,0,0,1,0,0,0,0,0,0,0,0,0,1,0,0,0,0,1,0,0
955,1.663269418478879,-0.7286557689327303,0.2755727068594259,0,1,0,0,0,1,0,0,0,1,1,0,0,0,0,0,0,0,1,0,0,0,0,0,1,0
595,-1.3302413459375508,-0.8350796258960603,-1.2361404279122818,1,1,0,0,1,0,0,1,0,0,0,1,0,0,1,0,0,0,0,0,0,0,1,0,0,0
783,-1.3302413459375508,-0.8687805139344482,-0.732236049655046,1,1,0,0,1,0,0,1,0,0,0,1,0,0,1,0,0,0,0,0,0,1,0,0,0,0
192,0.16651403627066402,0.22348300469919546,0.5275248959880439,1,0,1,0,1,0,1,0,0,0,0,1,0,1,0,0,0,0,0,0,0,0,1,0,0,0
900,0.16651403627066402,-0.2341395802431236,-0.3962997974835553,1,0,1,0,0,1,1,0,0,0,1,0,0,0,1,0,0,0,0,0,0,0,0,1,0,0
245,0.16651403627066402,-0.7190776218060306,0.2755727068594259,0,0,1,0,1,0,1,0,0,0,0,0,0,1,0,0,0,0,0,0,0,1,0,0,0,0
46,0.16651403627066402,-0.34978683814327555,1.2833814633738978,1,0,1,0,1,0,0,0,1,0,0,0,0,0,0,0,0,0,1,0,0,0,1,0,0,0
818,1.663269418478879,4.459862004219485,1.2833814633738978,1,0,1,0,1,0,1,0,0,0,1,0,0,0,0,0,0,0,0,0,1,0,0,1,0,0
910,0.16651403627066402,0.41469120104331175,1.2833814633738978,0,1,0,0,1,0,1,0,0,0,0,0,0,0,0,0,0,0,1,0,0,0,1,0,0,0
697,-2.8269967281457657,-0.8368533568454493,-0.732236049655046,0,1,0,0,1,0,1,0,0,0,0,0,0,0,1,0,0,0,0,0,0,0,1,0,0,0
807,0.16651403627066402,-0.8354343720859382,-0.732236049655046,1,0,1,0,1,0,0,0,0,0,0,0,0,0,0,0,0,0,1,0,0,0,0,0,0,1
495,0.16651403627066402,-0.10252874379847213,0.2755727068594259,1,0,1,0,1,0,0,0,0,0,1,0,0,0,0,0,0,1,0,0,0,1,0,0,0,0
505,-1.3302413459375508,-0.7009855661222646,-0.9002041757407913,1,0,1,0,1,0,0,0,0,0,0,0,0,0,1,0,0,0,0,0,0,1,0,0,0,0
433,0.16651403627066402,-0.4352806699038173,0.2755727068594259,1,0,1,0,1,0,1,0,0,0,0,0,0,0,0,0,0,0,0,1,0,0,1,0,0,0
270,0.16651403627066402,-0.2210139712176462,-0.22833167139781002,1,0,1,0,1,0,0,0,0,0,0,0,0,0,1,0,0,0,0,0,0,0,1,0,0,0
384,-1.3302413459375508,0.3501273944855582,0.7794770851166618,0,0,1,0,1,0,0,1,0,0,0,0,0,1,0,0,0,0,0,0,0,1,0,0,0,0
441,0.16651403627066402,-0.5906595010702791,-0.732236049655046,0,1,0,0,1,0,1,0,0,0,1,0,0,0,0,0,0,1,0,0,0,1,0,0,0,0
329,0.16651403627066402,-0.7864793978828063,-1.2361404279122818,0,0,1,0,1,0,1,0,0,0,0,1,0,0,0,0,0,0,1,0,0,1,0,0,0,0
913,0.16651403627066402,-0.4054819899540849,-0.8162201126979186,0,0,1,0,1,0,0,0,0,1,0,0,0,1,0,0,0,0,0,0,0,1,0,0,0,0
759,0.16651403627066402,-0.9202187114667244,-0.732236049655046,1,0,1,0,1,0,1,0,0,0,1,0,0,0,1,0,0,0,0,0,0,0,1,0,0,0
741,-1.3302413459375508,-0.7935743216803617,-0.9002041757407913,0,0,1,0,1,0,1,0,0,0,0,1,0,0,0,0,0,0,1,0,0,1,0,0,0,0
439,-2.8269967281457657,-0.9493078990367013,-0.732236049655046,1,1,0,0,1,0,1,0,0,0,0,0,1,1,0,0,0,0,0,0,0,1,0,0,0,0
835,0.16651403627066402,-0.7815129512245176,-0.732236049655046,1,0,1,0,1,0,1,0,0,0,1,0,0,0,1,0,0,0,0,0,0,0,0,1,0,0
365,0.16651403627066402,-0.6183297038807449,-0.732236049655046,1,0,1,0,1,0,1,0,0,0,0,0,0,1,0,0,0,0,0,0,0,0,1,0,0,0
107,0.16651403627066402,0.9907990134048049,-0.732236049655046,1,0,1,0,1,0,1,0,0,0,0,1,0,0,1,0,0,0,0,0,0,0,1,0,0,0
996,1.663269418478879,0.202907725686285,0.7794770851166618,1,0,1,0,1,0,1,0,0,0,1,0,0,0,1,0,0,0,0,0,0,0,1,0,0,0
829,0.16651403627066402,1.2047109659010982,2.2911902198883696,1,0,1,1,0,0,0,0,0,0,0,1,0,1,0,0,0,0,0,0,0,0,1,0,0,0
552,0.16651403627066402,1.317520254282228,2.2911902198883696,1,0,1,0,1,0,1,0,0,0,1,0,0,0,0,0,0,0,1,0,0,0,1,0,0,0
243,0.16651403627066402,-0.7449740936671077,-0.732236049655046,0,1,0,0,1,0,1,0,0,0,0,0,0,1,0,0,0,0,0,0,0,1,0,0,0,0
221,0.16651403627066402,-0.7396529008189411,-0.732236049655046,0,1,0,0,0,1,0,0,0,0,1,0,0,0,0,0,1,0,0,0,0,1,0,0,0,0
956,-1.3302413459375508,0.1316037415208539,0.7794770851166618,1,0,1,0,1,0,0,0,0,0,0,0,1,0,0,0,0,0,1,0,0,0,0,1,0,0
452,0.16651403627066402,-0.18660359079950284,-0.732236049655046,1,0,1,0,1,0,1,0,0,0,0,0,0,0,0,0,0,1,0,0,0,0,1,0,0,0
14,0.16651403627066402,-0.6676394242737544,-0.48028386052642796,0,1,0,0,0,1,1,0,0,0,1,0,0,0,1,0,0,0,0,0,0,1,0,0,0,0
4,0.16651403627066402,0.5622656160324627,0.2755727068594259,1,0,1,1,0,0,1,0,0,0,1,0,0,0,1,0,0,0,0,0,0,0,0,0,1,0
746,0.16651403627066402,-0.27458064588918896,-0.48028386052642796,0,1,0,0,0,1,1,0,0,0,1,0,0,0,1,0,0,0,0,0,0,1,0,0,0,0
998,0.16651403627066402,-0.5108416083477816,2.0392380307597517,1,0,1,1,0,0,1,0,0,0,1,0,0,0,0,0,0,0,1,0,0,1,0,0,0,0
657,0.16651403627066402,2.46086722425827,2.2911902198883696,1,0,1,0,1,0,0,0,0,0,0,0,0,0,0,0,0,0,1,0,0,0,1,0,0,0
868,0.16651403627066402,1.4629661921321122,1.2833814633738978,1,0,1,0,1,0,0,0,0,0,0,0,0,1,0,0,0,0,0,0,0,0,1,0,0,0
375,0.16651403627066402,1.5608761405383758,2.2911902198883696,1,1,0,0,0,1,1,0,0,0,1,0,0,1,0,0,0,0,0,0,0,0,1,0,0,0
706,0.16651403627066402,1.1617866769258884,2.2911902198883696,1,0,1,0,1,0,0,1,0,0,0,1,0,0,1,0,0,0,0,0,0,1,0,0,0,0
151,0.16651403627066402,-0.48281665934743806,-0.9002041757407913,1,0,1,0,1,0,1,0,0,0,0,0,0,0,0,0,0,0,1,0,0,0,1,0,0,0
272,1.663269418478879,3.151558055950282,2.2911902198883696,1,0,1,1,0,0,0,0,0,0,0,1,0,0,1,0,0,0,0,0,0,0,1,0,0,0
111,0.16651403627066402,-1.0262878222401766,-0.48028386052642796,0,1,0,0,0,1,1,0,0,0,0,0,1,0,0,0,1,0,0,0,0,1,0,0,0,0
419,0.16651403627066402,-0.7957027988196282,-0.22833167139781002,1,1,0,0,1,0,0,0,0,0,0,1,0,0,1,0,0,0,0,0,0,0,1,0,0,0
489,0.16651403627066402,0.0826487673177221,-1.2361404279122818,0,0,1,0,0,1,1,0,0,0,0,0,0,0,1,0,0,0,0,0,0,1,0,0,0,0
108,0.16651403627066402,1.5736470033739753,0.2755727068594259,0,1,0,0,1,0,0,0,0,0,1,0,0,0,0,0,0,1,0,0,0,1,0,0,0,0
536,1.663269418478879,-0.6779270637802097,-1.2361404279122818,0,1,0,0,1,0,0,0,0,0,1,0,0,0,1,0,0,0,0,0,0,0,0,0,0,1
211,-1.3302413459375508,0.19510330950897414,1.2833814633738978,0,1,0,0,1,0,0,0,0,0,0,0,0,0,0,0,0,0,1,0,0,0,0,1,0,0
187,-2.8269967281457657,-0.7485215555658853,-0.3962997974835553,1,0,1,1,0,0,1,0,0,0,0,1,0,0,1,0,0,0,0,0,0,0,0,0,0,1
550,0.16651403627066402,-0.8120211235540056,-0.732236049655046,0,1,0,0,1,0,0,0,0,0,0,0,0,0,0,0,0,0,0,1,0,1,0,0,0,0
705,0.16651403627066402,0.7233203862369688,-0.48028386052642796,0,1,0,1,0,0,0,0,1,0,0,0,0,0,1,0,0,0,0,0,0,0,1,0,0,0
660,0.16651403627066402,-0.7052425204007978,-0.732236049655046,0,0,1,0,0,1,1,0,0,0,0,0,1,0,0,0,0,0,1,0,0,1,0,0,0,0
186,1.663269418478879,0.6541448792108042,-0.9841882387836639,1,1,0,1,0,0,1,0,0,0,0,1,0,0,1,0,0,0,0,0,0,0,0,0,0,1
791,1.663269418478879,1.07416436802608,0.2755727068594259,1,0,1,0,1,0,0,0,0,0,0,0,0,0,1,0,0,0,0,0,0,0,0,1,0,0
466,-1.3302413459375508,-0.5768243996650462,0.2755727068594259,1,1,0,0,0,1,1,0,0,0,1,0,0,0,0,0,0,0,1,0,0,1,0,0,0,0
289,0.16651403627066402,-0.802088230237428,0.2755727068594259,1,0,1,0,1,0,1,0,0,0,1,0,0,0,0,0,0,0,1,0,0,0,0,1,0,0
169,0.16651403627066402,-0.4789144512587826,0.2755727068594259,1,0,1,0,1,0,1,0,0,0,0,1,0,1,0,0,0,0,0,0,0,0,1,0,0,0
378,1.663269418478879,3.9139076179976025,1.2833814633738978,1,0,1,1,0,0,1,0,0,0,0,1,0,0,1,0,0,0,0,0,0,0,0,0,1,0
205,1.663269418478879,2.6031204463992546,0.7794770851166618,1,0,1,1,0,0,1,0,0,0,1,0,0,0,1,0,0,0,0,0,0,0,1,0,0,0
698,0.16651403627066402,-0.5268051868922811,-0.22833167139781002,0,0,1,0,1,0,1,0,0,0,0,0,0,0,0,0,0,0,1,0,0,1,0,0,0,0
499,0.16651403627066402,-0.6960191194639759,-1.2361404279122818,0,0,1,0,1,0,0,1,0,0,0,0,1,0,1,0,0,0,0,0,0,1,0,0,0,0
323,0.16651403627066402,-0.22207820978727952,-0.22833167139781002,0,0,1,0,1,0,0,0,0,1,1,0,0,0,0,0,0,1,0,0,0,1,0,0,0,0
498,-1.3302413459375508,-0.7038235356412867,-0.22833167139781002,1,0,1,0,1,0,1,0,0,0,0,1,0,0,0,0,0,0,1,0,0,0,1,0,0,0
449,0.16651403627066402,-0.628972089577078,-0.48028386052642796,1,0,1,0,1,0,0,0,0,1,0,1,0,0,0,0,0,0,0,1,0,0,0,0,0,1
101,0.16651403627066402,-0.34127292958620914,1.2833814633738978,0,0,1,0,0,1,1,0,0,0,0,1,0,0,0,0,0,0,1,0,0,1,0,0,0,0
530,0.16651403627066402,-0.35901023908009744,1.2833814633738978,1,0,1,0,1,0,1,0,0,0,0,1,0,0,0,0,1,0,0,0,0,0,1,0,0,0
76,0.16651403627066402,0.24122031419308382,1.7872858416311337,1,0,1,0,1,0,1,0,0,0,1,0,0,0,0,0,0,0,1,0,0,0,1,0,0,0
720,1.663269418478879,-0.691052672805687,-0.9841882387836639,1,0,1,0,1,0,1,0,0,0,0,0,1,0,0,0,0,0,1,0,0,0,1,0,0,0
319,-1.3302413459375508,0.12699204105244294,-0.48028386052642796,0,1,0,0,1,0,1,0,0,0,1,0,0,0,0,0,0,1,0,0,0,1,0,0,0,0
28,0.16651403627066402,-0.3086362801174546,-1.1521563648694093,1,0,1,0,1,0,1,0,0,0,0,1,0,0,0,0,0,0,1,0,0,0,1,0,0,0
596,0.16651403627066402,-0.6538043228685216,0.2755727068594259,1,1,0,0,0,1,1,0,0,0,1,0,0,0,1,0,0,0,0,0,0,1,0,0,0,0
871,0.16651403627066402,-0.6889241956664205,-1.2361404279122818,1,0,1,0,1,0,1,0,0,0,0,0,1,0,1,0,0,0,0,0,0,0,0,1,0,0
182,-1.3302413459375508,-0.5810813539435794,0.023620517730807936,1,0,1,0,1,0,0,0,0,0,1,0,0,0,1,0,0,0,0,0,0,0,1,0,0,0
62,1.663269418478879,-0.47252901984098283,1.2833814633738978,1,0,1,1,0,0,1,0,0,0,0,1,0,1,0,0,0,0,0,0,0,0,0,0,0,1
765,-1.3302413459375508,-0.7556164793634407,-0.732236049655046,1,0,1,0,1,0,1,0,0,0,0,1,0,0,0,0,0,0,1,0,0,0,1,0,0,0
544,-1.3302413459375508,-0.720141860375664,-0.732236049655046,1,0,1,0,1,0,1,0,0,0,0,0,0,0,1,0,0,0,0,0,0,0,0,0,0,1
845,0.16651403627066402,0.24512252228173925,0.023620517730807936,1,0,1,0,1,0,0,0,0,0,0,1,0,0,0,0,0,1,0,0,0,0,1,0,0,0
828,0.16651403627066402,1.7914611639589242,1.2833814633738978,1,0,1,1,0,0,0,0,0,0,1,0,0,0,1,0,0,0,0,0,0,0,0,1,0,0
796,0.16651403627066402,1.4991503034996445,-0.22833167139781002,1,0,1,1,0,0,0,0,0,0,1,0,0,0,1,0,0,0,0,0,0,0,0,0,1,0
22,-1.3302413459375508,-0.370362117156186,-0.9002041757407913,1,0,1,0,0,1,1,0,0,0,1,0,0,0,1,0,0,0,0,0,0,0,0,1,0,0
736,1.663269418478879,2.935517626314722,0.2755727068594259,1,1,0,0,0,1,1,0,0,0,0,1,0,0,1,0,0,0,0,0,0,1,0,0,0,0
65,0.16651403627066402,0.675784396793348,0.5275248959880439,1,0,1,0,1,0,0,0,0,0,0,0,0,0,0,0,0,0,0,1,0,0,0,1,0,0
591,0.16651403627066402,-0.4682720655624496,0.2755727068594259,0,1,0,0,0,1,0,0,0,0,0,1,0,0,1,0,0,0,0,0,0,0,0,1,0,0
914,0.16651403627066402,-0.04399562246864062,0.2755727068594259,1,0,1,0,0,1,1,0,0,0,1,0,0,1,0,0,0,0,0,0,0,0,1,0,0,0
228,0.16651403627066402,-0.6410334600329219,-0.9841882387836639,1,0,1,0,1,0,1,0,0,0,0,0,0,0,0,0,0,0,1,0,0,1,0,0,0,0
158,0.16651403627066402,0.0805202901784555,0.2755727068594259,1,0,1,0,1,0,0,1,0,0,0,1,0,0,1,0,0,0,0,0,0,0,1,0,0,0
334,0.16651403627066402,0.29265851172536,0.2755727068594259,1,0,1,0,0,1,1,0,0,0,1,0,0,0,0,0,0,1,0,0,0,1,0,0,0,0
732,-1.3302413459375508,-0.8957412243651585,-1.0681723018265366,0,1,0,0,1,0,1,0,0,0,0,1,0,0,0,0,0,0,1,0,0,0,0,1,0,0
261,0.16651403627066402,-0.5966901862982011,0.2755727068594259,0,1,0,0,1,0,1,0,0,0,1,0,0,0,0,0,0,0,1,0,0,0,0,0,1,0
931,0.16651403627066402,-0.5729221915763908,-0.9841882387836639,1,1,0,0,1,0,1,0,0,0,0,1,0,0,0,0,0,0,1,0,0,1,0,0,0,0
166,0.16651403627066402,-0.764130387920507,-0.22833167139781002,1,1,0,0,1,0,1,0,0,0,1,0,0,0,0,0,0,1,0,0,0,0,1,0,0,0
92,-1.3302413459375508,-0.8826156153396811,-0.732236049655046,1,1,0,0,1,0,0,0,0,0,0,0,0,0,0,0,0,0,1,0,0,0,1,0,0,0
196,0.16651403627066402,-0.6750890942611876,-1.2361404279122818,0,1,0,0,1,0,1,0,0,0,0,0,0,0,0,0,0,0,1,0,0,1,0,0,0,0
41,0.16651403627066402,-0.7545522407938073,-0.732236049655046,0,0,1,0,1,0,0,0,1,0,0,1,0,0,0,0,0,0,1,0,0,1,0,0,0,0
100,-1.3302413459375508,-0.6442261757418218,0.2755727068594259,1,0,1,0,0,1,0,1,0,0,0,0,0,0,1,0,0,0,0,0,0,0,0,1,0,0
939,1.663269418478879,1.2618251024714187,0.2755727068594259,1,0,1,0,1,0,0,0,0,0,0,0,0,0,1,0,0,0,0,0,0,0,0,1,0,0
585,0.16651403627066402,-0.4420208475114949,-0.22833167139781002,1,1,0,0,0,1,1,0,0,0,1,0,0,0,0,0,0,1,0,0,0,1,0,0,0,0
507,1.663269418478879,1.2646630719904408,-0.48028386052642796,1,0,1,0,1,0,0,1,0,0,0,1,0,0,1,0,0,0,0,0,0,0,1,0,0,0
469,-1.3302413459375508,0.49450909376580926,0.2755727068594259,1,0,1,0,1,0,1,0,0,0,0,0,0,0,1,0,0,0,0,0,0,0,1,0,0,0
512,0.16651403627066402,-0.21214531647070203,-0.48028386052642796,0,0,1,0,0,1,1,0,0,0,0,0,1,1,0,0,0,0,0,0,0,1,0,0,0,0
462,1.663269418478879,-0.09507907381103903,-0.732236049655046,0,1,0,0,0,1,1,0,0,0,0,1,0,0,0,0,0,1,0,0,0,0,1,0,0,0
545,0.16651403627066402,-0.6924716575651981,0.2755727068594259,1,0,1,1,0,0,1,0,0,0,1,0,0,0,1,0,0,0,0,0,0,0,0,1,0,0
296,0.16651403627066402,0.4930901090062982,-0.732236049655046,0,1,0,0,0,1,0,0,0,0,0,0,0,0,1,0,0,0,0,0,0,1,0,0,0,0
372,0.16651403627066402,-0.40406300519457383,-0.9002041757407913,0,1,0,0,0,1,1,0,0,0,0,0,0,0,0,0,0,1,0,0,0,1,0,0,0,0
693,-1.3302413459375508,0.5076347027912866,-1.2361404279122818,1,0,1,0,1,0,0,0,0,0,1,0,0,0,1,0,0,0,0,0,0,0,0,1,0,0
43,0.16651403627066402,1.0294663481014814,0.7794770851166618,0,0,1,0,0,1,0,1,0,0,1,0,0,0,1,0,0,0,0,0,0,1,0,0,0,0
9,1.663269418478879,0.6913932291479697,0.7794770851166618,1,0,1,0,1,0,1,0,0,0,0,1,0,0,1,0,0,0,0,0,0,1,0,0,0,0
574,-1.3302413459375508,-0.7815129512245176,-0.9841882387836639,0,0,1,0,1,0,1,0,0,0,0,1,0,0,0,0,0,0,1,0,0,1,0,0,0,0
356,0.16651403627066402,-0.338434960067187,-0.732236049655046,1,0,1,0,1,0,0,0,0,0,0,0,0,0,0,0,0,0,1,0,0,0,0,1,0,0
700,-1.3302413459375508,-0.7669683574395292,-0.732236049655046,1,1,0,0,0,1,0,0,1,0,0,0,0,0,0,0,0,1,0,0,0,1,0,0,0,0
539,-1.3302413459375508,-0.0837271957349505,-0.22833167139781002,0,1,0,0,1,0,1,0,0,0,0,0,1,0,0,0,0,1,0,0,0,0,0,1,0,0
747,-1.3302413459375508,-0.7134016827679864,-0.732236049655046,1,1,0,0,1,0,1,0,0,0,1,0,0,0,1,0,0,0,0,0,0,0,1,0,0,0
198,0.16651403627066402,-0.18624884460962507,0.2755727068594259,1,0,1,1,0,0,0,0,0,0,0,1,0,0,1,0,0,0,0,0,0,0,1,0,0,0
928,0.16651403627066402,-0.5030371921704707,0.7794770851166618,1,0,1,0,1,0,0,0,0,0,0,0,0,0,0,0,0,0,1,0,0,0,0,0,1,0
355,-1.3302413459375508,-0.7233345760845639,0.2755727068594259,1,0,1,0,1,0,1,0,0,0,0,1,0,0,1,0,0,0,0,0,0,1,0,0,0,0
191,-1.3302413459375508,0.19829602521787404,2.2911902198883696,1,0,1,1,0,0,0,1,0,0,0,1,0,1,0,0,0,0,0,0,0,0,1,0,0,0
427,0.16651403627066402,-0.7577449565027072,-0.22833167139781002,1,0,1,0,1,0,0,0,0,1,0,0,0,0,0,0,0,0,1,0,0,0,0,1,0,0
139,-1.3302413459375508,-0.498070745512182,-0.732236049655046,0,1,0,0,0,1,1,0,0,0,0,0,1,0,0,0,0,0,1,0,0,0,0,1,0,0
509,1.663269418478879,1.8812119499979991,1.5353336525025156,1,0,1,0,1,0,0,1,0,0,0,0,0,0,1,0,0,0,0,0,0,0,0,1,0,0
37,0.16651403627066402,-0.4203813299289511,-0.22833167139781002,1,0,1,0,1,0,1,0,0,0,0,0,1,0,0,0,0,0,1,0,0,0,1,0,0,0
540,0.16651403627066402,-0.6211676733997671,-0.732236049655046,1,0,1,0,0,1,1,0,0,0,0,1,0,0,0,0,0,0,1,0,0,1,0,0,0,0
630,0.16651403627066402,0.13302272628036496,0.2755727068594259,0,1,0,0,1,0,1,0,0,0,1,0,0,0,0,0,0,0,1,0,0,1,0,0,0,0
218,-1.3302413459375508,-0.09366008905152796,0.2755727068594259,0,0,1,0,0,1,1,0,0,0,1,0,0,0,0,0,0,1,0,0,0,1,0,0,0,0
911,-1.3302413459375508,0.5147296265888419,0.2755727068594259,1,1,0,0,1,0,1,0,0,0,0,1,0,0,0,0,0,1,0,0,0,1,0,0,0,0
35,-1.3302413459375508,0.5182770884876197,2.0392380307597517,1,0,1,0,1,0,1,0,0,0,0,1,0,0,0,0,0,0,1,0,0,1,0,0,0,0
762,-1.3302413459375508,-0.3799402642828857,-0.732236049655046,0,0,1,0,1,0,1,0,0,0,1,0,0,0,0,0,0,0,1,0,0,1,0,0,0,0
406,0.16651403627066402,-0.38597094951080774,0.2755727068594259,1,0,1,0,1,0,0,0,0,0,0,0,0,0,1,0,0,0,0,0,0,0,0,1,0,0
268,1.663269418478879,2.019562964050328,-0.5642679235693007,1,0,1,0,1,0,1,0,0,0,1,0,0,0,1,0,0,0,0,0,0,0,0,1,0,0
606,1.663269418478879,0.4402329267145109,0.2755727068594259,1,0,1,0,1,0,1,0,0,0,0,0,0,1,0,0,0,0,0,0,0,0,0,0,0,1
506,0.16651403627066402,-0.32814732056073176,-0.48028386052642796,1,0,1,0,1,0,0,0,1,0,0,0,1,0,1,0,0,0,0,0,0,0,1,0,0,0
635,0.16651403627066402,-0.6711868861725322,-0.732236049655046,1,0,1,0,1,0,1,0,0,0,0,0,0,0,0,0,1,0,0,0,0,0,0,1,0,0
148,0.16651403627066402,0.7399934571612238,1.2833814633738978,0,0,1,0,1,0,1,0,0,0,1,0,0,0,0,0,0,1,0,0,0,1,0,0,0,0
809,-2.8269967281457657,-0.5346096030695919,-0.48028386052642796,1,1,0,0,0,1,1,0,0,0,0,1,0,0,1,0,0,0,0,0,0,1,0,0,0,0
715,0.16651403627066402,1.5293037296392546,0.7794770851166618,1,0,1,0,1,0,0,0,0,0,0,0,0,0,1,0,0,0,0,0,0,0,0,0,0,1
963,0.16651403627066402,-0.3150217115352544,0.2755727068594259,1,0,1,0,1,0,0,0,1,0,0,0,0,0,0,0,0,0,1,0,0,0,1,0,0,0
760,0.16651403627066402,0.6243461992610718,-0.48028386052642796,0,1,0,0,1,0,0,0,0,0,0,0,0,0,1,0,0,0,0,0,0,0,0,0,1,0
714,1.663269418478879,3.8106764767431724,3.2989989764028413,1,0,1,0,1,0,1,0,0,0,0,1,0,0,1,0,0,0,0,0,0,1,0,0,0,0
923,0.16651403627066402,-0.4551464565369722,-0.732236049655046,0,0,1,0,0,1,1,0,0,0,0,1,0,0,1,0,0,0,0,0,0,1,0,0,0,0
800,0.16651403627066402,-0.5988186634374677,0.2755727068594259,1,0,1,1,0,0,1,0,0,0,0,0,0,0,0,0,1,0,0,0,0,0,0,0,1,0
564,1.663269418478879,0.5062157180317756,0.2755727068594259,1,0,1,0,1,0,0,0,0,0,0,1,0,1,0,0,0,0,0,0,0,0,1,0,0,0
34,1.663269418478879,-0.642452444792433,-0.732236049655046,0,1,0,0,1,0,1,0,0,0,0,0,1,0,0,0,0,1,0,0,0,0,1,0,0,0
584,1.663269418478879,-0.4086747056629848,-0.732236049655046,0,1,0,1,0,0,0,0,0,0,0,0,0,0,1,0,0,0,0,0,0,0,0,0,1,0
381,1.663269418478879,3.4378382311816393,-0.22833167139781002,1,1,0,1,0,0,1,0,0,0,0,1,0,0,1,0,0,0,0,0,0,0,1,0,0,0
733,0.16651403627066402,-0.24194399642043443,0.2755727068594259,0,1,0,0,0,1,0,0,0,1,0,0,0,0,1,0,0,0,0,0,0,1,0,0,0,0
75,1.663269418478879,-0.6240056429187892,-0.732236049655046,1,0,1,1,0,0,1,0,0,0,1,0,0,0,1,0,0,0,0,0,0,0,0,0,0,1
575,0.16651403627066402,-0.1763159512930476,-0.48028386052642796,0,1,0,0,1,0,1,0,0,0,0,0,0,0,0,0,0,1,0,0,0,1,0,0,0,0
743,0.16651403627066402,-0.28451353920576644,0.2755727068594259,0,0,1,0,1,0,0,0,1,0,1,0,0,0,0,0,0,1,0,0,0,1,0,0,0,0
604,0.16651403627066402,-0.7130469365781086,-0.9002041757407913,0,1,0,0,1,0,1,0,0,0,0,0,1,0,0,0,0,1,0,0,0,1,0,0,0,0
403,-1.3302413459375508,-0.8808418843902923,-0.5642679235693007,0,0,1,0,1,0,1,0,0,0,0,0,0,0,1,0,0,0,0,0,0,1,0,0,0,0
647,0.16651403627066402,-0.6736701095016765,-0.732236049655046,1,1,0,0,1,0,0,0,1,0,0,0,0,0,1,0,0,0,0,0,0,1,0,0,0,0
362,0.16651403627066402,-0.3682336400169194,-0.732236049655046,0,1,0,0,1,0,1,0,0,0,0,0,1,0,1,0,0,0,0,0,0,0,1,0,0,0
154,1.663269418478879,1.3061683762061396,0.2755727068594259,1,0,1,0,0,1,0,1,0,0,0,1,0,1,0,0,0,0,0,0,0,0,1,0,0,0
628,0.16651403627066402,0.26853577081367186,1.7872858416311337,1,0,1,0,1,0,0,0,1,0,0,0,0,0,0,0,0,1,0,0,0,0,1,0,0,0
954,0.16651403627066402,-0.4938137912336488,-0.732236049655046,0,1,0,0,1,0,1,0,0,0,1,0,0,0,1,0,0,0,0,0,0,1,0,0,0,0
881,0.16651403627066402,2.1256320748237805,0.2755727068594259,1,0,1,1,0,0,0,0,0,0,0,0,0,0,1,0,0,0,0,0,0,0,0,1,0,0
21,0.16651403627066402,-0.22633516406581272,-1.2361404279122818,1,0,1,0,0,1,0,0,1,0,1,0,0,0,0,0,0,0,1,0,0,0,0,1,0,0
675,1.663269418478879,0.441651911474022,0.7794770851166618,0,1,0,0,0,1,1,0,0,0,0,0,0,0,0,0,0,0,1,0,0,1,0,0,0,0
808,1.663269418478879,2.127760551963047,1.7872858416311337,1,0,1,1,0,0,1,0,0,0,0,1,0,0,1,0,0,0,0,0,0,0,0,0,1,0
222,0.16651403627066402,-0.9145427724286801,-0.732236049655046,0,0,1,0,1,0,1,0,0,0,0,0,0,0,0,0,0,0,1,0,0,1,0,0,0,0
699,1.663269418478879,-0.4895568369551156,-0.48028386052642796,1,0,1,0,0,1,1,0,0,0,0,0,1,0,0,0,1,0,0,0,0,0,1,0,0,0
185,0.16651403627066402,-0.6828935104384984,-0.48028386052642796,1,0,1,0,1,0,1,0,0,0,0,0,0,0,0,0,0,0,1,0,0,0,1,0,0,0
399,-1.3302413459375508,-0.6275531048175669,0.2755727068594259,0,1,0,0,1,0,0,0,0,1,0,0,0,0,0,0,0,0,1,0,0,0,0,1,0,0
784,1.663269418478879,1.129150027457134,-0.06036354531206472,1,0,1,0,1,0,0,0,0,0,0,1,0,0,1,0,0,0,0,0,0,0,0,0,1,0
975,-1.3302413459375508,-0.7190776218060306,0.2755727068594259,0,1,0,0,1,0,0,0,1,0,0,0,1,0,0,0,0,0,1,0,0,0,0,0,1,0
175,1.663269418478879,1.4899269025628226,0.7794770851166618,1,1,0,0,1,0,0,0,0,0,0,0,0,0,1,0,0,0,0,0,0,0,0,0,1,0
64,0.16651403627066402,-0.03690069867108529,0.2755727068594259,0,1,0,0,1,0,1,0,0,0,0,0,0,0,0,0,0,0,1,0,0,1,0,0,0,0
398,0.16651403627066402,-0.7314937384517525,-0.732236049655046,1,0,1,0,0,1,1,0,0,0,0,1,0,0,1,0,0,0,0,0,0,0,0,1,0,0
896,1.663269418478879,-0.24087975785080115,0.023620517730807936,0,1,0,0,0,1,1,0,0,0,1,0,0,0,0,0,0,0,1,0,0,1,0,0,0,0
53,0.16651403627066402,0.03298430073483476,-0.22833167139781002,1,0,1,0,1,0,0,0,0,0,0,0,0,0,1,0,0,0,0,0,0,0,1,0,0,0
984,-1.3302413459375508,-0.4459230556001503,0.2755727068594259,0,0,1,0,1,0,1,0,0,0,0,0,0,0,0,0,0,1,0,0,0,1,0,0,0,0
253,0.16651403627066402,0.3072031055103484,0.2755727068594259,1,0,1,0,1,0,0,1,0,0,0,0,0,0,0,0,0,1,0,0,0,0,1,0,0,0
483,0.16651403627066402,-0.8247919863896052,-0.48028386052642796,0,1,0,0,1,0,0,0,0,1,0,0,0,0,0,0,0,1,0,0,0,1,0,0,0,0
649,-1.3302413459375508,-0.9227019347958687,-0.732236049655046,1,0,1,0,0,1,1,0,0,0,1,0,0,0,0,0,1,0,0,0,0,0,1,0,0,0
739,-1.3302413459375508,0.35296536400458034,0.7794770851166618,1,1,0,0,0,1,0,1,0,0,0,1,0,1,0,0,0,0,0,0,0,1,0,0,0,0
553,0.16651403627066402,-0.4576296798661166,-0.732236049655046,0,0,1,0,1,0,0,1,0,0,0,1,0,0,1,0,0,0,0,0,0,1,0,0,0,0
259,-1.3302413459375508,-0.7559712255533184,-0.8162201126979186,0,1,0,0,1,0,0,1,0,0,0,0,0,0,0,0,0,0,1,0,0,0,0,0,1,0
167,0.16651403627066402,-0.6059135872350231,-0.8162201126979186,0,1,0,0,1,0,0,0,0,1,0,1,0,0,0,0,0,1,0,0,0,1,0,0,0,0
687,0.16651403627066402,-0.15006473324209288,1.2833814633738978,0,0,1,1,0,0,0,1,0,0,0,1,0,0,1,0,0,0,0,0,0,1,0,0,0,0
801,-1.3302413459375508,-0.52857891784167,-0.22833167139781002,0,1,0,0,0,1,1,0,0,0,0,1,0,0,0,0,0,0,1,0,0,0,0,1,0,0
946,0.16651403627066402,0.02269666122837952,0.2755727068594259,1,0,1,1,0,0,0,0,1,0,1,0,0,0,0,0,0,1,0,0,0,1,0,0,0,0
237,-1.3302413459375508,-0.1837656212804807,0.023620517730807936,1,0,1,0,0,1,0,1,0,0,0,1,0,1,0,0,0,0,0,0,0,0,0,0,0,1
118,0.16651403627066402,0.3533201101944581,1.0314292742452797,1,1,0,0,1,0,0,0,1,0,1,0,0,0,0,0,0,1,0,0,0,1,0,0,0,0
193,0.16651403627066402,-0.41754336040992895,-1.2361404279122818,0,0,1,0,0,1,1,0,0,0,0,0,0,0,0,0,0,0,1,0,0,1,0,0,0,0
778,1.663269418478879,0.8606071617196644,1.2833814633738978,1,0,1,0,1,0,0,0,0,1,0,0,0,0,1,0,0,0,0,0,0,0,1,0,0,0
906,-1.3302413459375508,0.16956158383777495,0.023620517730807936,0,0,1,0,1,0,0,0,0,0,1,0,0,0,1,0,0,0,0,0,0,1,0,0,0,0
140,-2.8269967281457657,-0.9138332800489246,-1.2361404279122818,0,0,1,0,1,0,0,0,0,1,0,0,1,0,1,0,0,0,0,0,0,1,0,0,0,0
344,-1.3302413459375508,0.23554437515503954,-0.9002041757407913,1,0,1,0,1,0,1,0,0,0,0,0,1,0,1,0,0,0,0,0,0,0,1,0,0,0
8,-1.3302413459375508,-0.08017973383617283,-0.732236049655046,1,0,1,0,1,0,0,0,0,1,0,0,0,0,0,0,0,0,1,0,0,0,0,0,0,1
938,0.16651403627066402,1.0652957132791359,3.2989989764028413,1,0,1,1,0,0,1,0,0,0,0,1,0,0,0,0,1,0,0,0,0,0,0,1,0,0
538,1.663269418478879,1.5885463433488416,2.2911902198883696,1,0,1,1,0,0,1,0,0,0,1,0,0,0,1,0,0,0,0,0,0,0,0,1,0,0
342,0.16651403627066402,-0.025548820594996753,-0.22833167139781002,0,0,1,0,0,1,0,0,1,0,0,1,0,0,0,0,0,0,1,0,0,1,0,0,0,0
704,0.16651403627066402,-0.26854996066126696,0.5275248959880439,0,1,0,0,1,0,1,0,0,0,0,1,0,1,0,0,0,0,0,0,0,0,1,0,0,0
620,0.16651403627066402,0.13018475676134283,0.023620517730807936,0,0,1,0,1,0,1,0,0,0,0,1,0,1,0,0,0,0,0,0,0,1,0,0,0,0
